customer_id,name,age,gender,city,products_count,recency_days,frequency,monetary,days_since_last_tx,churn_90d
1,Customer 1,38,M,Rio de Janeiro,0.0,123.0,3.0,5754.6,123.0,1
2,Customer 2,59,F,Curitiba,0.0,92.0,3.0,9871.74,92.0,1
3,Customer 3,24,M,Belo Horizonte,0.0,62.0,5.0,10495.1,62.0,0
4,Customer 4,35,F,São Paulo,0.0,31.0,4.0,6433.98,31.0,0
5,Customer 5,60,F,Belo Horizonte,0.0,62.0,4.0,8384.689999999999,62.0,0
6,Customer 6,51,F,São Paulo,0.0,0.0,5.0,11491.5,0.0,0
7,Customer 7,20,M,Rio de Janeiro,0.0,31.0,4.0,7710.889999999999,31.0,0
8,Customer 8,66,F,São Paulo,0.0,0.0,6.0,8252.01,0.0,0
9,Customer 9,56,M,São Paulo,0.0,184.0,5.0,13670.02,184.0,1
10,Customer 10,67,M,Curitiba,0.0,212.0,1.0,1341.81,212.0,1
11,Customer 11,27,F,Curitiba,0.0,31.0,7.0,16730.12,31.0,0
12,Customer 12,68,M,Belo Horizonte,0.0,31.0,3.0,4936.7,31.0,0
13,Customer 13,59,F,São Paulo,0.0,62.0,3.0,8080.55,62.0,0
14,Customer 14,39,F,Rio de Janeiro,0.0,92.0,7.0,19796.879999999997,92.0,1
15,Customer 15,44,F,Rio de Janeiro,0.0,62.0,7.0,19373.01,62.0,0
16,Customer 16,63,F,Belo Horizonte,0.0,92.0,2.0,2098.56,92.0,1
17,Customer 17,67,F,Belo Horizonte,0.0,31.0,5.0,9284.46,31.0,0
18,Customer 18,60,M,Rio de Janeiro,0.0,92.0,3.0,5185.76,92.0,1
19,Customer 19,31,M,São Paulo,0.0,212.0,3.0,7432.32,212.0,1
20,Customer 20,33,F,Belo Horizonte,0.0,31.0,1.0,288.99,31.0,0
21,Customer 21,56,F,Belo Horizonte,0.0,62.0,3.0,8312.16,62.0,0
22,Customer 22,26,F,Curitiba,0.0,62.0,4.0,10219.64,62.0,0
23,Customer 23,65,F,Rio de Janeiro,0.0,92.0,4.0,17221.14,92.0,1
24,Customer 24,23,M,São Paulo,0.0,153.0,5.0,21320.45,153.0,1
25,Customer 25,21,F,São Paulo,0.0,62.0,7.0,23611.71,62.0,0
26,Customer 26,18,M,Curitiba,0.0,31.0,3.0,5119.19,31.0,0
27,Customer 27,49,F,Curitiba,0.0,62.0,9.0,24459.059999999998,62.0,0
28,Customer 28,35,M,Rio de Janeiro,0.0,62.0,7.0,22903.16,62.0,0
29,Customer 29,58,F,Rio de Janeiro,0.0,123.0,3.0,9461.470000000001,123.0,1
30,Customer 30,29,F,Belo Horizonte,0.0,123.0,9.0,22172.18,123.0,1
31,Customer 31,39,F,São Paulo,0.0,0.0,3.0,9742.66,0.0,0
32,Customer 32,68,M,Curitiba,0.0,62.0,3.0,5743.65,62.0,0
33,Customer 33,41,F,Belo Horizonte,0.0,31.0,6.0,17645.59,31.0,0
34,Customer 34,42,M,São Paulo,0.0,31.0,6.0,11171.59,31.0,0
35,Customer 35,22,F,Rio de Janeiro,0.0,31.0,6.0,19568.11,31.0,0
36,Customer 36,36,F,Curitiba,0.0,123.0,3.0,7883.099999999999,123.0,1
37,Customer 37,66,M,Curitiba,0.0,0.0,7.0,16445.45,0.0,0
38,Customer 38,54,M,Rio de Janeiro,0.0,92.0,3.0,6513.15,92.0,1
39,Customer 39,30,M,Rio de Janeiro,0.0,62.0,5.0,6435.150000000001,62.0,0
40,Customer 40,18,F,São Paulo,0.0,243.0,2.0,1689.14,243.0,1
41,Customer 41,35,F,São Paulo,0.0,31.0,6.0,18666.75,31.0,0
42,Customer 42,24,M,São Paulo,0.0,0.0,6.0,12785.61,0.0,0
43,Customer 43,31,F,Belo Horizonte,0.0,0.0,9.0,16648.79,0.0,0
44,Customer 44,47,F,Rio de Janeiro,0.0,31.0,5.0,9959.369999999999,31.0,0
45,Customer 45,41,F,Curitiba,0.0,184.0,2.0,6021.84,184.0,1
46,Customer 46,68,F,Belo Horizonte,0.0,31.0,9.0,13763.27,31.0,0
47,Customer 47,52,F,Belo Horizonte,0.0,,0.0,0.0,,0
48,Customer 48,51,M,Rio de Janeiro,0.0,62.0,5.0,13914.77,62.0,0
49,Customer 49,39,M,Belo Horizonte,0.0,243.0,1.0,4092.24,243.0,1
50,Customer 50,19,F,Belo Horizonte,0.0,304.0,2.0,4418.830000000001,304.0,1
51,Customer 51,51,M,Belo Horizonte,0.0,62.0,4.0,13473.0,62.0,0
52,Customer 52,43,F,Rio de Janeiro,0.0,0.0,4.0,8023.21,0.0,0
53,Customer 53,54,M,Curitiba,0.0,0.0,9.0,21208.0,0.0,0
54,Customer 54,68,M,Belo Horizonte,0.0,0.0,8.0,22800.89,0.0,0
55,Customer 55,56,F,São Paulo,0.0,62.0,9.0,16065.33,62.0,0
56,Customer 56,21,M,Rio de Janeiro,0.0,31.0,5.0,12459.33,31.0,0
57,Customer 57,66,M,São Paulo,0.0,,0.0,0.0,,0
58,Customer 58,48,M,Curitiba,0.0,31.0,5.0,10063.369999999999,31.0,0
59,Customer 59,59,M,Curitiba,0.0,212.0,2.0,4682.1900000000005,212.0,1
60,Customer 60,65,F,Curitiba,0.0,31.0,3.0,9509.58,31.0,0
61,Customer 61,53,F,Curitiba,0.0,31.0,2.0,7440.43,31.0,0
62,Customer 62,60,M,Curitiba,0.0,62.0,5.0,14508.66,62.0,0
63,Customer 63,23,F,São Paulo,0.0,62.0,6.0,14140.98,62.0,0
64,Customer 64,54,F,São Paulo,0.0,0.0,5.0,8948.8,0.0,0
65,Customer 65,30,F,Curitiba,0.0,274.0,1.0,3983.89,274.0,1
66,Customer 66,47,F,Curitiba,0.0,0.0,7.0,15840.82,0.0,0
67,Customer 67,18,F,Curitiba,0.0,31.0,6.0,9738.57,31.0,0
68,Customer 68,32,M,Belo Horizonte,0.0,92.0,5.0,18458.12,92.0,1
69,Customer 69,62,F,Rio de Janeiro,0.0,0.0,3.0,9613.51,0.0,0
70,Customer 70,35,M,São Paulo,0.0,31.0,4.0,11537.220000000001,31.0,0
71,Customer 71,28,F,Curitiba,0.0,0.0,5.0,15712.16,0.0,0
72,Customer 72,57,M,Belo Horizonte,0.0,0.0,9.0,22437.41,0.0,0
73,Customer 73,64,M,Curitiba,0.0,153.0,4.0,7097.12,153.0,1
74,Customer 74,50,M,Rio de Janeiro,0.0,31.0,4.0,10451.75,31.0,0
75,Customer 75,44,M,Rio de Janeiro,0.0,0.0,5.0,15199.89,0.0,0
76,Customer 76,69,F,Curitiba,0.0,184.0,2.0,2926.1099999999997,184.0,1
77,Customer 77,19,F,Curitiba,0.0,0.0,4.0,12436.029999999999,0.0,0
78,Customer 78,24,M,Curitiba,0.0,31.0,9.0,24253.27,31.0,0
79,Customer 79,25,F,Curitiba,0.0,62.0,2.0,5521.84,62.0,0
80,Customer 80,50,F,Rio de Janeiro,0.0,0.0,6.0,21027.28,0.0,0
81,Customer 81,53,M,São Paulo,0.0,0.0,6.0,15694.63,0.0,0
82,Customer 82,68,M,Belo Horizonte,0.0,92.0,3.0,5351.74,92.0,1
83,Customer 83,47,F,Rio de Janeiro,0.0,62.0,9.0,19429.0,62.0,0
84,Customer 84,44,F,Belo Horizonte,0.0,0.0,8.0,26155.15,0.0,0
85,Customer 85,24,F,Curitiba,0.0,62.0,9.0,26267.77,62.0,0
86,Customer 86,67,F,São Paulo,0.0,0.0,3.0,10473.449999999999,0.0,0
87,Customer 87,68,M,Belo Horizonte,0.0,184.0,1.0,1839.34,184.0,1
88,Customer 88,69,M,São Paulo,0.0,31.0,2.0,7775.77,31.0,0
89,Customer 89,34,F,Belo Horizonte,0.0,31.0,7.0,13116.11,31.0,0
90,Customer 90,30,F,Belo Horizonte,0.0,92.0,4.0,10088.64,92.0,1
91,Customer 91,59,F,Belo Horizonte,0.0,123.0,3.0,6597.16,123.0,1
92,Customer 92,45,F,Rio de Janeiro,0.0,31.0,6.0,17104.690000000002,31.0,0
93,Customer 93,18,F,São Paulo,0.0,153.0,7.0,19044.74,153.0,1
94,Customer 94,18,F,São Paulo,0.0,31.0,5.0,21503.54,31.0,0
95,Customer 95,35,M,São Paulo,0.0,62.0,3.0,4680.16,62.0,0
96,Customer 96,58,F,Rio de Janeiro,0.0,0.0,7.0,15713.28,0.0,0
97,Customer 97,41,F,Curitiba,0.0,31.0,7.0,18789.05,31.0,0
98,Customer 98,32,M,São Paulo,0.0,0.0,6.0,17230.92,0.0,0
99,Customer 99,62,F,São Paulo,0.0,62.0,3.0,6731.87,62.0,0
100,Customer 100,43,M,Belo Horizonte,0.0,31.0,5.0,16528.28,31.0,0
101,Customer 101,58,F,Belo Horizonte,0.0,0.0,1.0,4553.68,0.0,0
102,Customer 102,33,F,Rio de Janeiro,0.0,31.0,8.0,23213.09,31.0,0
103,Customer 103,32,M,Belo Horizonte,0.0,31.0,6.0,12253.69,31.0,0
104,Customer 104,25,M,Curitiba,0.0,62.0,5.0,9376.67,62.0,0
105,Customer 105,22,M,Curitiba,0.0,62.0,3.0,6029.93,62.0,0
106,Customer 106,28,F,Belo Horizonte,0.0,62.0,4.0,5722.719999999999,62.0,0
107,Customer 107,18,M,Rio de Janeiro,0.0,92.0,7.0,19395.27,92.0,1
108,Customer 108,63,M,Curitiba,0.0,92.0,5.0,9725.14,92.0,1
109,Customer 109,43,M,São Paulo,0.0,31.0,3.0,6087.52,31.0,0
110,Customer 110,55,M,Curitiba,0.0,304.0,4.0,9265.45,304.0,1
111,Customer 111,22,F,São Paulo,0.0,31.0,5.0,12534.470000000001,31.0,0
112,Customer 112,41,M,São Paulo,0.0,62.0,9.0,26205.89,62.0,0
113,Customer 113,40,M,Belo Horizonte,0.0,243.0,3.0,8855.27,243.0,1
114,Customer 114,23,F,Belo Horizonte,0.0,92.0,2.0,3665.76,92.0,1
115,Customer 115,34,M,Belo Horizonte,0.0,123.0,9.0,14483.69,123.0,1
116,Customer 116,46,F,Rio de Janeiro,0.0,31.0,7.0,18338.19,31.0,0
117,Customer 117,62,F,Curitiba,0.0,123.0,5.0,11910.470000000001,123.0,1
118,Customer 118,46,M,São Paulo,0.0,92.0,5.0,12427.029999999999,92.0,1
119,Customer 119,55,F,Belo Horizonte,0.0,92.0,3.0,5965.41,92.0,1
120,Customer 120,37,M,Belo Horizonte,0.0,31.0,7.0,19084.23,31.0,0
121,Customer 121,20,M,Rio de Janeiro,0.0,62.0,2.0,4913.87,62.0,0
122,Customer 122,52,F,Belo Horizonte,0.0,243.0,3.0,5890.55,243.0,1
123,Customer 123,38,M,São Paulo,0.0,62.0,4.0,10360.73,62.0,0
124,Customer 124,18,F,Belo Horizonte,0.0,153.0,3.0,7794.07,153.0,1
125,Customer 125,37,F,Belo Horizonte,0.0,62.0,6.0,16055.970000000001,62.0,0
126,Customer 126,58,M,Rio de Janeiro,0.0,31.0,5.0,13038.51,31.0,0
127,Customer 127,60,F,Belo Horizonte,0.0,31.0,9.0,19991.57,31.0,0
128,Customer 128,33,F,Belo Horizonte,0.0,0.0,6.0,15904.79,0.0,0
129,Customer 129,56,F,Rio de Janeiro,0.0,92.0,4.0,13610.49,92.0,1
130,Customer 130,50,F,Rio de Janeiro,0.0,62.0,4.0,8360.54,62.0,0
131,Customer 131,59,F,São Paulo,0.0,92.0,7.0,19676.68,92.0,1
132,Customer 132,29,M,São Paulo,0.0,,0.0,0.0,,0
133,Customer 133,65,M,Curitiba,0.0,31.0,6.0,19910.2,31.0,0
134,Customer 134,65,M,Rio de Janeiro,0.0,184.0,5.0,12265.46,184.0,1
135,Customer 135,46,M,Curitiba,0.0,123.0,4.0,15148.29,123.0,1
136,Customer 136,19,F,São Paulo,0.0,62.0,1.0,1946.85,62.0,0
137,Customer 137,40,M,Rio de Janeiro,0.0,62.0,3.0,9239.25,62.0,0
138,Customer 138,26,M,Curitiba,0.0,0.0,7.0,21761.989999999998,0.0,0
139,Customer 139,54,M,Rio de Janeiro,0.0,62.0,3.0,6599.0,62.0,0
140,Customer 140,48,F,Curitiba,0.0,92.0,6.0,14034.94,92.0,1
141,Customer 141,36,F,São Paulo,0.0,31.0,6.0,19556.67,31.0,0
142,Customer 142,46,F,São Paulo,0.0,92.0,3.0,6313.59,92.0,1
143,Customer 143,31,F,Belo Horizonte,0.0,62.0,7.0,17906.99,62.0,0
144,Customer 144,38,M,Belo Horizonte,0.0,31.0,6.0,15232.539999999999,31.0,0
145,Customer 145,37,F,São Paulo,0.0,0.0,13.0,25372.34,0.0,0
146,Customer 146,32,M,São Paulo,0.0,62.0,2.0,4686.099999999999,62.0,0
147,Customer 147,29,M,São Paulo,0.0,31.0,3.0,9363.55,31.0,0
148,Customer 148,58,M,Rio de Janeiro,0.0,31.0,7.0,16427.55,31.0,0
149,Customer 149,63,F,Belo Horizonte,0.0,31.0,7.0,16832.95,31.0,0
150,Customer 150,48,M,Curitiba,0.0,62.0,5.0,15488.93,62.0,0
151,Customer 151,63,M,Curitiba,0.0,62.0,4.0,7994.539999999999,62.0,0
152,Customer 152,33,F,Belo Horizonte,0.0,62.0,5.0,8530.17,62.0,0
153,Customer 153,26,F,Belo Horizonte,0.0,92.0,5.0,12931.07,92.0,1
154,Customer 154,33,F,São Paulo,0.0,335.0,2.0,6048.0,335.0,1
155,Customer 155,69,M,Curitiba,0.0,0.0,9.0,16516.2,0.0,0
156,Customer 156,64,F,São Paulo,0.0,62.0,5.0,11517.01,62.0,0
157,Customer 157,32,F,Rio de Janeiro,0.0,123.0,7.0,9238.189999999999,123.0,1
158,Customer 158,54,F,Rio de Janeiro,0.0,62.0,6.0,17642.51,62.0,0
159,Customer 159,29,F,Belo Horizonte,0.0,31.0,5.0,9824.75,31.0,0
160,Customer 160,25,F,Curitiba,0.0,31.0,4.0,14957.17,31.0,0
161,Customer 161,42,M,Rio de Janeiro,0.0,31.0,6.0,19463.09,31.0,0
162,Customer 162,43,M,São Paulo,0.0,31.0,7.0,18872.36,31.0,0
163,Customer 163,56,F,Belo Horizonte,0.0,62.0,6.0,12787.01,62.0,0
164,Customer 164,47,F,Belo Horizonte,0.0,92.0,5.0,13353.27,92.0,1
165,Customer 165,38,M,São Paulo,0.0,0.0,10.0,17114.629999999997,0.0,0
166,Customer 166,67,M,São Paulo,0.0,0.0,7.0,20282.690000000002,0.0,0
167,Customer 167,40,M,Belo Horizonte,0.0,212.0,1.0,3274.25,212.0,1
168,Customer 168,62,F,São Paulo,0.0,31.0,5.0,13067.28,31.0,0
169,Customer 169,50,F,Rio de Janeiro,0.0,31.0,6.0,15774.49,31.0,0
170,Customer 170,30,M,São Paulo,0.0,123.0,7.0,19955.98,123.0,1
171,Customer 171,40,F,Curitiba,0.0,123.0,3.0,9425.6,123.0,1
172,Customer 172,61,M,São Paulo,0.0,92.0,8.0,25655.13,92.0,1
173,Customer 173,45,M,Curitiba,0.0,0.0,3.0,9482.86,0.0,0
174,Customer 174,25,F,São Paulo,0.0,62.0,6.0,12688.52,62.0,0
175,Customer 175,49,M,Belo Horizonte,0.0,31.0,4.0,10958.17,31.0,0
176,Customer 176,51,F,Rio de Janeiro,0.0,62.0,7.0,13280.51,62.0,0
177,Customer 177,64,M,Curitiba,0.0,212.0,3.0,3638.75,212.0,1
178,Customer 178,60,F,Belo Horizonte,0.0,92.0,6.0,17631.739999999998,92.0,1
179,Customer 179,53,F,Rio de Janeiro,0.0,0.0,6.0,14345.66,0.0,0
180,Customer 180,66,M,Curitiba,0.0,31.0,7.0,17930.21,31.0,0
181,Customer 181,37,F,Belo Horizonte,0.0,62.0,5.0,7596.35,62.0,0
182,Customer 182,50,M,Belo Horizonte,0.0,31.0,3.0,6947.09,31.0,0
183,Customer 183,64,F,Belo Horizonte,0.0,31.0,9.0,18287.07,31.0,0
184,Customer 184,67,M,Rio de Janeiro,0.0,0.0,5.0,14370.95,0.0,0
185,Customer 185,66,M,Rio de Janeiro,0.0,31.0,4.0,9293.15,31.0,0
186,Customer 186,22,F,São Paulo,0.0,31.0,7.0,20030.89,31.0,0
187,Customer 187,32,F,São Paulo,0.0,0.0,7.0,14874.91,0.0,0
188,Customer 188,59,F,Rio de Janeiro,0.0,123.0,4.0,4905.14,123.0,1
189,Customer 189,63,F,São Paulo,0.0,31.0,6.0,13619.61,31.0,0
190,Customer 190,66,M,Belo Horizonte,0.0,0.0,8.0,19795.53,0.0,0
191,Customer 191,28,F,São Paulo,0.0,62.0,10.0,26585.77,62.0,0
192,Customer 192,24,M,Belo Horizonte,0.0,153.0,3.0,8328.7,153.0,1
193,Customer 193,19,M,Rio de Janeiro,0.0,31.0,5.0,12389.58,31.0,0
194,Customer 194,37,F,Rio de Janeiro,0.0,0.0,8.0,26051.04,0.0,0
195,Customer 195,37,F,Belo Horizonte,0.0,153.0,1.0,758.81,153.0,1
196,Customer 196,30,M,Belo Horizonte,0.0,212.0,6.0,16035.66,212.0,1
197,Customer 197,28,M,Rio de Janeiro,0.0,31.0,8.0,17165.07,31.0,0
198,Customer 198,62,M,Belo Horizonte,0.0,92.0,3.0,5544.05,92.0,1
199,Customer 199,37,M,São Paulo,0.0,62.0,4.0,12634.91,62.0,0
200,Customer 200,23,F,São Paulo,0.0,31.0,6.0,11823.220000000001,31.0,0
201,Customer 201,66,F,Belo Horizonte,0.0,92.0,5.0,10972.16,92.0,1
202,Customer 202,47,F,Curitiba,0.0,62.0,8.0,22202.13,62.0,0
203,Customer 203,61,F,São Paulo,0.0,31.0,3.0,6884.9,31.0,0
204,Customer 204,44,M,Belo Horizonte,0.0,62.0,4.0,14174.31,62.0,0
205,Customer 205,24,F,Curitiba,0.0,0.0,5.0,14784.599999999999,0.0,0
206,Customer 206,51,M,Belo Horizonte,0.0,0.0,9.0,18763.050000000003,0.0,0
207,Customer 207,69,M,Belo Horizonte,0.0,31.0,4.0,8039.63,31.0,0
208,Customer 208,62,M,Curitiba,0.0,274.0,2.0,6739.22,274.0,1
209,Customer 209,60,F,Belo Horizonte,0.0,153.0,3.0,4548.49,153.0,1
210,Customer 210,57,F,Rio de Janeiro,0.0,31.0,5.0,12009.489999999998,31.0,0
211,Customer 211,29,M,Curitiba,0.0,62.0,6.0,18435.96,62.0,0
212,Customer 212,69,M,Belo Horizonte,0.0,31.0,5.0,13628.420000000002,31.0,0
213,Customer 213,67,M,Curitiba,0.0,31.0,5.0,19596.879999999997,31.0,0
214,Customer 214,52,M,São Paulo,0.0,0.0,3.0,7004.03,0.0,0
215,Customer 215,33,M,Curitiba,0.0,92.0,4.0,11352.43,92.0,1
216,Customer 216,65,M,Rio de Janeiro,0.0,31.0,6.0,15668.59,31.0,0
217,Customer 217,26,M,Belo Horizonte,0.0,274.0,4.0,10001.82,274.0,1
218,Customer 218,33,M,Curitiba,0.0,62.0,4.0,6834.860000000001,62.0,0
219,Customer 219,67,F,Belo Horizonte,0.0,123.0,8.0,26988.23,123.0,1
220,Customer 220,53,F,São Paulo,0.0,0.0,4.0,4045.9399999999996,0.0,0
221,Customer 221,63,F,São Paulo,0.0,31.0,6.0,16562.06,31.0,0
222,Customer 222,41,F,São Paulo,0.0,62.0,4.0,6192.38,62.0,0
223,Customer 223,55,F,Rio de Janeiro,0.0,212.0,4.0,5450.1900000000005,212.0,1
224,Customer 224,31,F,Rio de Janeiro,0.0,184.0,2.0,5770.0599999999995,184.0,1
225,Customer 225,65,F,Belo Horizonte,0.0,0.0,5.0,16681.27,0.0,0
226,Customer 226,28,M,Curitiba,0.0,62.0,5.0,11773.93,62.0,0
227,Customer 227,47,F,São Paulo,0.0,92.0,4.0,7331.9400000000005,92.0,1
228,Customer 228,24,F,Curitiba,0.0,31.0,10.0,26929.940000000002,31.0,0
229,Customer 229,33,F,Curitiba,0.0,184.0,4.0,10086.369999999999,184.0,1
230,Customer 230,37,F,São Paulo,0.0,62.0,3.0,5147.26,62.0,0
231,Customer 231,22,F,Curitiba,0.0,,0.0,0.0,,0
232,Customer 232,58,M,São Paulo,0.0,123.0,4.0,7872.92,123.0,1
233,Customer 233,32,M,Curitiba,0.0,62.0,6.0,16747.2,62.0,0
234,Customer 234,59,F,Rio de Janeiro,0.0,0.0,1.0,4280.11,0.0,0
235,Customer 235,57,M,São Paulo,0.0,0.0,7.0,15203.78,0.0,0
236,Customer 236,57,F,Curitiba,0.0,123.0,4.0,13098.4,123.0,1
237,Customer 237,30,M,Belo Horizonte,0.0,0.0,2.0,4944.58,0.0,0
238,Customer 238,42,M,Rio de Janeiro,0.0,243.0,4.0,15401.490000000002,243.0,1
239,Customer 239,47,M,Belo Horizonte,0.0,184.0,3.0,11547.85,184.0,1
240,Customer 240,63,M,São Paulo,0.0,62.0,4.0,6036.09,62.0,0
241,Customer 241,60,F,Rio de Janeiro,0.0,31.0,6.0,22899.48,31.0,0
242,Customer 242,25,M,Belo Horizonte,0.0,243.0,4.0,6183.58,243.0,1
243,Customer 243,52,M,Belo Horizonte,0.0,92.0,5.0,11281.2,92.0,1
244,Customer 244,50,M,São Paulo,0.0,62.0,5.0,16474.16,62.0,0
245,Customer 245,31,F,São Paulo,0.0,0.0,4.0,3359.95,0.0,0
246,Customer 246,55,M,Rio de Janeiro,0.0,123.0,3.0,10957.12,123.0,1
247,Customer 247,58,F,São Paulo,0.0,62.0,6.0,14278.37,62.0,0
248,Customer 248,20,M,Rio de Janeiro,0.0,0.0,11.0,30077.72,0.0,0
249,Customer 249,65,M,Curitiba,0.0,274.0,2.0,4074.94,274.0,1
250,Customer 250,57,F,Rio de Janeiro,0.0,0.0,5.0,11738.57,0.0,0
251,Customer 251,61,F,Curitiba,0.0,0.0,6.0,9336.33,0.0,0
252,Customer 252,56,M,São Paulo,0.0,212.0,3.0,11504.11,212.0,1
253,Customer 253,36,M,Rio de Janeiro,0.0,62.0,8.0,24562.940000000002,62.0,0
254,Customer 254,57,M,Curitiba,0.0,31.0,8.0,19988.86,31.0,0
255,Customer 255,19,F,Belo Horizonte,0.0,62.0,13.0,40741.59,62.0,0
256,Customer 256,28,F,São Paulo,0.0,153.0,5.0,12714.08,153.0,1
257,Customer 257,23,F,Belo Horizonte,0.0,92.0,6.0,17597.55,92.0,1
258,Customer 258,26,M,São Paulo,0.0,62.0,7.0,27733.239999999998,62.0,0
259,Customer 259,53,F,São Paulo,0.0,62.0,3.0,6796.9800000000005,62.0,0
260,Customer 260,38,M,Curitiba,0.0,0.0,3.0,3546.3500000000004,0.0,0
261,Customer 261,22,M,Curitiba,0.0,274.0,2.0,5470.049999999999,274.0,1
262,Customer 262,59,F,Curitiba,0.0,153.0,5.0,7922.95,153.0,1
263,Customer 263,24,F,Rio de Janeiro,0.0,31.0,5.0,8944.98,31.0,0
264,Customer 264,42,M,São Paulo,0.0,153.0,4.0,16203.63,153.0,1
265,Customer 265,66,M,São Paulo,0.0,274.0,1.0,875.43,274.0,1
266,Customer 266,36,F,São Paulo,0.0,62.0,3.0,4722.41,62.0,0
267,Customer 267,50,F,São Paulo,0.0,92.0,7.0,17890.82,92.0,1
268,Customer 268,41,F,São Paulo,0.0,31.0,7.0,11106.11,31.0,0
269,Customer 269,68,F,Curitiba,0.0,92.0,2.0,3261.48,92.0,1
270,Customer 270,54,M,Belo Horizonte,0.0,31.0,6.0,16358.51,31.0,0
271,Customer 271,57,F,Rio de Janeiro,0.0,62.0,7.0,23421.39,62.0,0
272,Customer 272,28,M,Belo Horizonte,0.0,0.0,3.0,6986.6900000000005,0.0,0
273,Customer 273,62,M,Rio de Janeiro,0.0,62.0,4.0,9457.75,62.0,0
274,Customer 274,30,F,Rio de Janeiro,0.0,123.0,3.0,8257.16,123.0,1
275,Customer 275,69,F,Belo Horizonte,0.0,92.0,2.0,4392.82,92.0,1
276,Customer 276,48,M,Curitiba,0.0,0.0,5.0,11354.47,0.0,0
277,Customer 277,28,F,Belo Horizonte,0.0,0.0,5.0,9862.0,0.0,0
278,Customer 278,50,M,Curitiba,0.0,31.0,6.0,12083.49,31.0,0
279,Customer 279,58,M,Belo Horizonte,0.0,92.0,6.0,22202.55,92.0,1
280,Customer 280,50,M,Rio de Janeiro,0.0,62.0,2.0,6846.02,62.0,0
281,Customer 281,67,M,Curitiba,0.0,31.0,8.0,18239.739999999998,31.0,0
282,Customer 282,54,M,Belo Horizonte,0.0,31.0,3.0,11334.04,31.0,0
283,Customer 283,50,F,Belo Horizonte,0.0,153.0,4.0,13688.029999999999,153.0,1
284,Customer 284,50,F,São Paulo,0.0,31.0,5.0,8326.79,31.0,0
285,Customer 285,56,F,Rio de Janeiro,0.0,123.0,4.0,12897.86,123.0,1
286,Customer 286,37,M,São Paulo,0.0,31.0,5.0,8907.18,31.0,0
287,Customer 287,65,F,Curitiba,0.0,62.0,5.0,9795.93,62.0,0
288,Customer 288,55,M,Belo Horizonte,0.0,62.0,7.0,14215.0,62.0,0
289,Customer 289,48,M,Rio de Janeiro,0.0,62.0,9.0,18082.29,62.0,0
290,Customer 290,21,F,São Paulo,0.0,274.0,2.0,6579.48,274.0,1
291,Customer 291,33,F,Belo Horizonte,0.0,153.0,9.0,23521.86,153.0,1
292,Customer 292,30,M,Curitiba,0.0,304.0,1.0,4491.94,304.0,1
293,Customer 293,20,M,Curitiba,0.0,62.0,6.0,12590.86,62.0,0
294,Customer 294,32,F,Rio de Janeiro,0.0,123.0,8.0,20040.66,123.0,1
295,Customer 295,23,F,São Paulo,0.0,212.0,1.0,4078.08,212.0,1
296,Customer 296,68,M,São Paulo,0.0,31.0,5.0,18769.98,31.0,0
297,Customer 297,29,M,Rio de Janeiro,0.0,0.0,7.0,20008.59,0.0,0
298,Customer 298,23,M,Belo Horizonte,0.0,243.0,3.0,8221.04,243.0,1
299,Customer 299,31,F,São Paulo,0.0,92.0,4.0,7658.78,92.0,1
300,Customer 300,61,F,São Paulo,0.0,153.0,2.0,4066.55,153.0,1
301,Customer 301,33,M,Rio de Janeiro,0.0,31.0,7.0,26585.04,31.0,0
302,Customer 302,40,M,Rio de Janeiro,0.0,31.0,8.0,16639.79,31.0,0
303,Customer 303,26,F,Rio de Janeiro,0.0,0.0,9.0,21528.12,0.0,0
304,Customer 304,57,F,São Paulo,0.0,92.0,5.0,11715.95,92.0,1
305,Customer 305,55,M,Curitiba,0.0,31.0,11.0,37360.97,31.0,0
306,Customer 306,64,F,Belo Horizonte,0.0,0.0,7.0,16230.050000000001,0.0,0
307,Customer 307,59,M,Belo Horizonte,0.0,123.0,3.0,11512.55,123.0,1
308,Customer 308,34,M,Belo Horizonte,0.0,62.0,4.0,6174.09,62.0,0
309,Customer 309,56,F,Belo Horizonte,0.0,31.0,6.0,11848.91,31.0,0
310,Customer 310,52,M,São Paulo,0.0,0.0,3.0,9515.61,0.0,0
311,Customer 311,61,F,Rio de Janeiro,0.0,31.0,6.0,15483.560000000001,31.0,0
312,Customer 312,18,M,Rio de Janeiro,0.0,31.0,1.0,3277.26,31.0,0
313,Customer 313,24,M,Rio de Janeiro,0.0,92.0,6.0,8339.880000000001,92.0,1
314,Customer 314,63,F,São Paulo,0.0,31.0,5.0,15305.41,31.0,0
315,Customer 315,26,F,Curitiba,0.0,31.0,6.0,14395.61,31.0,0
316,Customer 316,28,F,Belo Horizonte,0.0,184.0,6.0,12232.91,184.0,1
317,Customer 317,24,M,Rio de Janeiro,0.0,62.0,6.0,13836.32,62.0,0
318,Customer 318,33,F,Rio de Janeiro,0.0,0.0,7.0,16740.12,0.0,0
319,Customer 319,20,M,Rio de Janeiro,0.0,31.0,6.0,20302.05,31.0,0
320,Customer 320,20,F,Curitiba,0.0,0.0,7.0,25686.18,0.0,0
321,Customer 321,44,F,Belo Horizonte,0.0,153.0,7.0,17474.120000000003,153.0,1
322,Customer 322,44,M,Curitiba,0.0,92.0,7.0,17683.74,92.0,1
323,Customer 323,35,M,Curitiba,0.0,0.0,5.0,12042.67,0.0,0
324,Customer 324,22,F,Belo Horizonte,0.0,62.0,2.0,4762.6900000000005,62.0,0
325,Customer 325,36,M,Curitiba,0.0,212.0,3.0,12903.039999999999,212.0,1
326,Customer 326,53,F,Rio de Janeiro,0.0,62.0,2.0,6795.24,62.0,0
327,Customer 327,30,F,Rio de Janeiro,0.0,92.0,4.0,10368.460000000001,92.0,1
328,Customer 328,32,M,Rio de Janeiro,0.0,123.0,1.0,4887.87,123.0,1
329,Customer 329,29,M,São Paulo,0.0,0.0,3.0,8101.65,0.0,0
330,Customer 330,61,F,Rio de Janeiro,0.0,0.0,8.0,23072.4,0.0,0
331,Customer 331,48,M,Curitiba,0.0,31.0,9.0,15781.68,31.0,0
332,Customer 332,35,F,Belo Horizonte,0.0,92.0,3.0,13076.380000000001,92.0,1
333,Customer 333,42,F,Belo Horizonte,0.0,184.0,3.0,10204.49,184.0,1
334,Customer 334,69,M,São Paulo,0.0,31.0,5.0,11164.07,31.0,0
335,Customer 335,29,M,Rio de Janeiro,0.0,92.0,5.0,8499.8,92.0,1
336,Customer 336,38,M,Belo Horizonte,0.0,62.0,4.0,9601.869999999999,62.0,0
337,Customer 337,39,F,São Paulo,0.0,212.0,3.0,5254.28,212.0,1
338,Customer 338,37,F,São Paulo,0.0,184.0,5.0,14796.52,184.0,1
339,Customer 339,35,F,São Paulo,0.0,153.0,9.0,23103.96,153.0,1
340,Customer 340,37,M,Belo Horizonte,0.0,31.0,8.0,16023.5,31.0,0
341,Customer 341,36,M,Belo Horizonte,0.0,62.0,5.0,16299.900000000001,62.0,0
342,Customer 342,24,F,São Paulo,0.0,31.0,8.0,12074.79,31.0,0
343,Customer 343,62,F,Curitiba,0.0,31.0,2.0,5551.5599999999995,31.0,0
344,Customer 344,47,M,Belo Horizonte,0.0,31.0,3.0,8845.34,31.0,0
345,Customer 345,67,F,Curitiba,0.0,31.0,5.0,14654.449999999999,31.0,0
346,Customer 346,42,F,Curitiba,0.0,62.0,8.0,19123.34,62.0,0
347,Customer 347,43,F,São Paulo,0.0,31.0,6.0,17638.6,31.0,0
348,Customer 348,61,M,Rio de Janeiro,0.0,123.0,4.0,15737.6,123.0,1
349,Customer 349,50,M,Belo Horizonte,0.0,62.0,2.0,7427.79,62.0,0
350,Customer 350,21,F,Rio de Janeiro,0.0,123.0,4.0,9053.11,123.0,1
351,Customer 351,28,F,São Paulo,0.0,153.0,4.0,12547.4,153.0,1
352,Customer 352,27,F,São Paulo,0.0,62.0,6.0,10379.67,62.0,0
353,Customer 353,42,F,Curitiba,0.0,92.0,5.0,16618.620000000003,92.0,1
354,Customer 354,35,M,Belo Horizonte,0.0,92.0,4.0,13542.42,92.0,1
355,Customer 355,60,M,São Paulo,0.0,31.0,4.0,7503.13,31.0,0
356,Customer 356,67,M,São Paulo,0.0,62.0,5.0,17035.0,62.0,0
357,Customer 357,48,M,Belo Horizonte,0.0,31.0,5.0,13384.34,31.0,0
358,Customer 358,41,M,Rio de Janeiro,0.0,62.0,4.0,11711.15,62.0,0
359,Customer 359,43,F,Curitiba,0.0,0.0,14.0,35088.14,0.0,0
360,Customer 360,31,F,São Paulo,0.0,62.0,5.0,11990.06,62.0,0
361,Customer 361,24,M,Belo Horizonte,0.0,123.0,5.0,11625.1,123.0,1
362,Customer 362,44,F,São Paulo,0.0,365.0,1.0,2494.53,365.0,1
363,Customer 363,61,M,São Paulo,0.0,92.0,6.0,13856.77,92.0,1
364,Customer 364,20,F,Curitiba,0.0,0.0,5.0,13258.89,0.0,0
365,Customer 365,46,F,São Paulo,0.0,123.0,6.0,17761.27,123.0,1
366,Customer 366,64,F,Rio de Janeiro,0.0,184.0,2.0,6061.1900000000005,184.0,1
367,Customer 367,52,M,Rio de Janeiro,0.0,62.0,6.0,11694.89,62.0,0
368,Customer 368,26,F,Curitiba,0.0,0.0,8.0,23759.05,0.0,0
369,Customer 369,18,F,Curitiba,0.0,62.0,2.0,2216.93,62.0,0
370,Customer 370,40,F,Rio de Janeiro,0.0,31.0,3.0,6049.6,31.0,0
371,Customer 371,20,F,Rio de Janeiro,0.0,0.0,6.0,17841.31,0.0,0
372,Customer 372,49,M,São Paulo,0.0,62.0,3.0,1820.52,62.0,0
373,Customer 373,39,F,Rio de Janeiro,0.0,31.0,6.0,16345.160000000002,31.0,0
374,Customer 374,69,F,Curitiba,0.0,92.0,1.0,3178.3,92.0,1
375,Customer 375,56,M,Belo Horizonte,0.0,31.0,6.0,13709.79,31.0,0
376,Customer 376,41,F,Rio de Janeiro,0.0,31.0,7.0,12894.17,31.0,0
377,Customer 377,18,F,Rio de Janeiro,0.0,0.0,1.0,2604.38,0.0,0
378,Customer 378,63,M,Belo Horizonte,0.0,0.0,2.0,9062.46,0.0,0
379,Customer 379,38,M,Belo Horizonte,0.0,31.0,9.0,15919.4,31.0,0
380,Customer 380,48,M,Curitiba,0.0,212.0,1.0,1233.72,212.0,1
381,Customer 381,66,F,Belo Horizonte,0.0,62.0,7.0,12484.99,62.0,0
382,Customer 382,57,M,São Paulo,0.0,31.0,4.0,13688.800000000001,31.0,0
383,Customer 383,18,M,Belo Horizonte,0.0,31.0,6.0,13423.82,31.0,0
384,Customer 384,60,F,Curitiba,0.0,,0.0,0.0,,0
385,Customer 385,33,F,Curitiba,0.0,31.0,5.0,11662.33,31.0,0
386,Customer 386,30,F,Curitiba,0.0,0.0,8.0,15359.72,0.0,0
387,Customer 387,39,F,Rio de Janeiro,0.0,62.0,4.0,6579.42,62.0,0
388,Customer 388,19,M,Rio de Janeiro,0.0,123.0,5.0,15538.76,123.0,1
389,Customer 389,40,M,São Paulo,0.0,92.0,5.0,16377.61,92.0,1
390,Customer 390,49,F,Curitiba,0.0,92.0,7.0,18070.760000000002,92.0,1
391,Customer 391,52,F,Curitiba,0.0,153.0,3.0,9773.880000000001,153.0,1
392,Customer 392,24,F,Curitiba,0.0,,0.0,0.0,,0
393,Customer 393,59,M,Rio de Janeiro,0.0,123.0,3.0,3051.8,123.0,1
394,Customer 394,58,M,Curitiba,0.0,31.0,8.0,19620.18,31.0,0
395,Customer 395,60,M,Rio de Janeiro,0.0,31.0,8.0,18556.45,31.0,0
396,Customer 396,46,F,Rio de Janeiro,0.0,31.0,8.0,16558.5,31.0,0
397,Customer 397,37,F,Belo Horizonte,0.0,123.0,7.0,23097.73,123.0,1
398,Customer 398,49,M,Rio de Janeiro,0.0,0.0,7.0,12772.5,0.0,0
399,Customer 399,39,F,Curitiba,0.0,31.0,8.0,20206.04,31.0,0
400,Customer 400,31,M,Rio de Janeiro,0.0,92.0,3.0,12247.11,92.0,1
401,Customer 401,66,M,Rio de Janeiro,0.0,0.0,2.0,5399.76,0.0,0
402,Customer 402,39,M,Rio de Janeiro,0.0,184.0,2.0,2141.38,184.0,1
403,Customer 403,22,M,Belo Horizonte,0.0,92.0,4.0,14253.98,92.0,1
404,Customer 404,43,F,Belo Horizonte,0.0,0.0,8.0,20184.940000000002,0.0,0
405,Customer 405,51,M,Curitiba,0.0,123.0,7.0,16248.33,123.0,1
406,Customer 406,36,F,Rio de Janeiro,0.0,212.0,3.0,3630.44,212.0,1
407,Customer 407,19,M,São Paulo,0.0,62.0,2.0,6011.99,62.0,0
408,Customer 408,51,F,São Paulo,0.0,,0.0,0.0,,0
409,Customer 409,38,F,Curitiba,0.0,0.0,8.0,17442.64,0.0,0
410,Customer 410,66,F,Belo Horizonte,0.0,123.0,3.0,8707.05,123.0,1
411,Customer 411,47,M,Rio de Janeiro,0.0,,0.0,0.0,,0
412,Customer 412,19,F,Rio de Janeiro,0.0,,0.0,0.0,,0
413,Customer 413,53,M,São Paulo,0.0,31.0,4.0,11824.849999999999,31.0,0
414,Customer 414,45,M,Rio de Janeiro,0.0,184.0,2.0,6880.799999999999,184.0,1
415,Customer 415,39,M,Rio de Janeiro,0.0,62.0,6.0,13102.04,62.0,0
416,Customer 416,48,F,São Paulo,0.0,123.0,2.0,2296.7,123.0,1
417,Customer 417,51,F,Belo Horizonte,0.0,0.0,7.0,12398.11,0.0,0
418,Customer 418,35,F,São Paulo,0.0,31.0,6.0,17249.25,31.0,0
419,Customer 419,33,F,Rio de Janeiro,0.0,92.0,2.0,3602.4,92.0,1
420,Customer 420,63,M,Curitiba,0.0,62.0,10.0,22658.29,62.0,0
421,Customer 421,48,M,Curitiba,0.0,31.0,11.0,27153.4,31.0,0
422,Customer 422,57,M,São Paulo,0.0,62.0,4.0,13885.17,62.0,0
423,Customer 423,42,F,Curitiba,0.0,31.0,8.0,22240.63,31.0,0
424,Customer 424,31,F,Belo Horizonte,0.0,212.0,2.0,3419.59,212.0,1
425,Customer 425,63,M,Belo Horizonte,0.0,62.0,8.0,23989.739999999998,62.0,0
426,Customer 426,26,M,Rio de Janeiro,0.0,123.0,5.0,10940.060000000001,123.0,1
427,Customer 427,18,M,Belo Horizonte,0.0,0.0,8.0,18324.19,0.0,0
428,Customer 428,40,F,Belo Horizonte,0.0,31.0,4.0,12520.55,31.0,0
429,Customer 429,44,F,Rio de Janeiro,0.0,62.0,4.0,7729.99,62.0,0
430,Customer 430,65,M,Belo Horizonte,0.0,31.0,7.0,17332.309999999998,31.0,0
431,Customer 431,49,M,Belo Horizonte,0.0,0.0,7.0,19709.3,0.0,0
432,Customer 432,51,F,Curitiba,0.0,0.0,7.0,16774.89,0.0,0
433,Customer 433,57,F,São Paulo,0.0,0.0,6.0,17768.52,0.0,0
434,Customer 434,33,M,São Paulo,0.0,0.0,7.0,19667.15,0.0,0
435,Customer 435,44,F,Curitiba,0.0,31.0,4.0,5297.1,31.0,0
436,Customer 436,22,M,Rio de Janeiro,0.0,92.0,4.0,4274.929999999999,92.0,1
437,Customer 437,26,F,Rio de Janeiro,0.0,62.0,7.0,17817.97,62.0,0
438,Customer 438,24,M,Curitiba,0.0,31.0,6.0,15060.42,31.0,0
439,Customer 439,22,F,São Paulo,0.0,123.0,3.0,6075.52,123.0,1
440,Customer 440,36,M,Rio de Janeiro,0.0,0.0,10.0,19245.920000000002,0.0,0
441,Customer 441,69,F,São Paulo,0.0,92.0,6.0,20279.8,92.0,1
442,Customer 442,54,M,São Paulo,0.0,123.0,5.0,12409.6,123.0,1
443,Customer 443,63,M,Curitiba,0.0,92.0,2.0,8411.470000000001,92.0,1
444,Customer 444,53,M,Rio de Janeiro,0.0,92.0,4.0,12513.84,92.0,1
445,Customer 445,40,F,Rio de Janeiro,0.0,0.0,4.0,8742.97,0.0,0
446,Customer 446,37,M,Curitiba,0.0,184.0,3.0,12336.58,184.0,1
447,Customer 447,23,M,Rio de Janeiro,0.0,153.0,7.0,23289.46,153.0,1
448,Customer 448,30,F,Curitiba,0.0,92.0,5.0,17903.47,92.0,1
449,Customer 449,33,F,São Paulo,0.0,31.0,11.0,29173.86,31.0,0
450,Customer 450,56,F,São Paulo,0.0,92.0,6.0,14777.039999999999,92.0,1
451,Customer 451,35,M,Rio de Janeiro,0.0,62.0,4.0,14194.01,62.0,0
452,Customer 452,20,M,Rio de Janeiro,0.0,123.0,7.0,16232.52,123.0,1
453,Customer 453,25,F,São Paulo,0.0,0.0,5.0,18588.06,0.0,0
454,Customer 454,43,F,Belo Horizonte,0.0,0.0,9.0,29071.94,0.0,0
455,Customer 455,61,M,Curitiba,0.0,31.0,4.0,10200.1,31.0,0
456,Customer 456,34,F,Curitiba,0.0,184.0,4.0,16582.600000000002,184.0,1
457,Customer 457,25,F,Curitiba,0.0,92.0,1.0,3794.1,92.0,1
458,Customer 458,21,F,São Paulo,0.0,62.0,3.0,10703.77,62.0,0
459,Customer 459,29,M,Curitiba,0.0,153.0,4.0,7943.43,153.0,1
460,Customer 460,68,F,Belo Horizonte,0.0,62.0,10.0,26095.72,62.0,0
461,Customer 461,31,M,Rio de Janeiro,0.0,0.0,4.0,12481.01,0.0,0
462,Customer 462,40,F,São Paulo,0.0,123.0,8.0,17990.739999999998,123.0,1
463,Customer 463,44,M,São Paulo,0.0,31.0,9.0,25161.04,31.0,0
464,Customer 464,68,F,Belo Horizonte,0.0,0.0,6.0,11349.23,0.0,0
465,Customer 465,69,M,Belo Horizonte,0.0,153.0,2.0,1520.56,153.0,1
466,Customer 466,25,F,Curitiba,0.0,0.0,3.0,6129.48,0.0,0
467,Customer 467,41,M,Rio de Janeiro,0.0,31.0,5.0,15178.95,31.0,0
468,Customer 468,42,F,Belo Horizonte,0.0,31.0,6.0,10924.220000000001,31.0,0
469,Customer 469,37,F,Curitiba,0.0,153.0,5.0,15147.1,153.0,1
470,Customer 470,37,F,São Paulo,0.0,31.0,9.0,21982.61,31.0,0
471,Customer 471,57,M,Rio de Janeiro,0.0,0.0,7.0,21320.84,0.0,0
472,Customer 472,37,M,Rio de Janeiro,0.0,31.0,5.0,12740.89,31.0,0
473,Customer 473,39,F,Belo Horizonte,0.0,0.0,7.0,21470.15,0.0,0
474,Customer 474,21,F,Curitiba,0.0,62.0,5.0,5393.71,62.0,0
475,Customer 475,49,M,São Paulo,0.0,0.0,11.0,17415.1,0.0,0
476,Customer 476,41,M,Curitiba,0.0,92.0,4.0,8512.45,92.0,1
477,Customer 477,27,M,Rio de Janeiro,0.0,0.0,4.0,8130.25,0.0,0
478,Customer 478,53,F,Rio de Janeiro,0.0,31.0,8.0,18542.1,31.0,0
479,Customer 479,23,M,Curitiba,0.0,0.0,5.0,8160.77,0.0,0
480,Customer 480,31,F,Rio de Janeiro,0.0,0.0,9.0,25817.14,0.0,0
481,Customer 481,45,F,Curitiba,0.0,31.0,11.0,26902.55,31.0,0
482,Customer 482,33,M,Rio de Janeiro,0.0,92.0,4.0,14467.390000000001,92.0,1
483,Customer 483,49,F,Curitiba,0.0,62.0,5.0,10850.59,62.0,0
484,Customer 484,48,F,Belo Horizonte,0.0,62.0,5.0,13139.880000000001,62.0,0
485,Customer 485,35,F,Curitiba,0.0,62.0,3.0,9619.189999999999,62.0,0
486,Customer 486,45,F,Belo Horizonte,0.0,62.0,7.0,14982.43,62.0,0
487,Customer 487,38,F,São Paulo,0.0,62.0,9.0,25936.73,62.0,0
488,Customer 488,47,M,Belo Horizonte,0.0,123.0,7.0,19869.98,123.0,1
489,Customer 489,29,F,Rio de Janeiro,0.0,31.0,5.0,13526.84,31.0,0
490,Customer 490,51,M,Belo Horizonte,0.0,92.0,4.0,13384.97,92.0,1
491,Customer 491,27,F,Curitiba,0.0,62.0,2.0,4478.89,62.0,0
492,Customer 492,45,M,Rio de Janeiro,0.0,31.0,4.0,7401.45,31.0,0
493,Customer 493,52,M,São Paulo,0.0,212.0,2.0,1507.37,212.0,1
494,Customer 494,43,F,Belo Horizonte,0.0,274.0,2.0,5421.65,274.0,1
495,Customer 495,49,F,Belo Horizonte,0.0,123.0,2.0,5598.71,123.0,1
496,Customer 496,53,M,Rio de Janeiro,0.0,92.0,2.0,4632.05,92.0,1
497,Customer 497,26,M,Curitiba,0.0,92.0,3.0,8375.16,92.0,1
498,Customer 498,60,M,Curitiba,0.0,31.0,8.0,21250.35,31.0,0
499,Customer 499,57,M,Belo Horizonte,0.0,62.0,2.0,2408.37,62.0,0
500,Customer 500,38,M,Curitiba,0.0,31.0,3.0,5188.05,31.0,0
501,Customer 501,31,F,São Paulo,0.0,31.0,3.0,10438.49,31.0,0
502,Customer 502,53,F,Rio de Janeiro,0.0,0.0,5.0,16085.23,0.0,0
503,Customer 503,57,M,Rio de Janeiro,0.0,0.0,5.0,11835.75,0.0,0
504,Customer 504,52,M,São Paulo,0.0,31.0,5.0,13669.97,31.0,0
505,Customer 505,60,F,Belo Horizonte,0.0,0.0,7.0,25146.22,0.0,0
506,Customer 506,27,M,Rio de Janeiro,0.0,31.0,3.0,7382.84,31.0,0
507,Customer 507,36,M,São Paulo,0.0,335.0,2.0,3173.91,335.0,1
508,Customer 508,55,M,Rio de Janeiro,0.0,153.0,4.0,13088.62,153.0,1
509,Customer 509,61,F,Curitiba,0.0,184.0,3.0,2386.7200000000003,184.0,1
510,Customer 510,50,M,Curitiba,0.0,0.0,6.0,12667.12,0.0,0
511,Customer 511,56,F,São Paulo,0.0,62.0,4.0,6671.24,62.0,0
512,Customer 512,57,M,Rio de Janeiro,0.0,62.0,7.0,20063.28,62.0,0
513,Customer 513,30,F,Belo Horizonte,0.0,31.0,9.0,20491.14,31.0,0
514,Customer 514,24,M,Belo Horizonte,0.0,153.0,5.0,9330.179999999998,153.0,1
515,Customer 515,49,M,Rio de Janeiro,0.0,62.0,4.0,7209.52,62.0,0
516,Customer 516,18,F,Rio de Janeiro,0.0,0.0,8.0,19520.55,0.0,0
517,Customer 517,43,F,Belo Horizonte,0.0,62.0,3.0,7363.5,62.0,0
518,Customer 518,27,M,Belo Horizonte,0.0,184.0,3.0,8764.009999999998,184.0,1
519,Customer 519,24,M,Curitiba,0.0,31.0,6.0,12241.2,31.0,0
520,Customer 520,20,F,Curitiba,0.0,92.0,5.0,6227.27,92.0,1
521,Customer 521,30,M,Belo Horizonte,0.0,62.0,4.0,7101.0599999999995,62.0,0
522,Customer 522,31,M,Curitiba,0.0,0.0,8.0,9792.880000000001,0.0,0
523,Customer 523,62,M,São Paulo,0.0,62.0,5.0,10712.17,62.0,0
524,Customer 524,59,M,Curitiba,0.0,123.0,7.0,13569.15,123.0,1
525,Customer 525,67,M,Curitiba,0.0,31.0,6.0,10198.29,31.0,0
526,Customer 526,43,F,Belo Horizonte,0.0,184.0,5.0,9015.53,184.0,1
527,Customer 527,21,F,Curitiba,0.0,31.0,3.0,8824.54,31.0,0
528,Customer 528,44,M,São Paulo,0.0,31.0,4.0,9194.93,31.0,0
529,Customer 529,20,M,Rio de Janeiro,0.0,92.0,4.0,15182.28,92.0,1
530,Customer 530,29,F,Curitiba,0.0,0.0,4.0,8458.560000000001,0.0,0
531,Customer 531,18,M,Curitiba,0.0,274.0,1.0,661.56,274.0,1
532,Customer 532,55,M,Belo Horizonte,0.0,62.0,5.0,13451.560000000001,62.0,0
533,Customer 533,27,M,Belo Horizonte,0.0,31.0,3.0,6477.57,31.0,0
534,Customer 534,25,F,São Paulo,0.0,0.0,7.0,17915.120000000003,0.0,0
535,Customer 535,54,F,Belo Horizonte,0.0,243.0,3.0,9463.58,243.0,1
536,Customer 536,58,M,Rio de Janeiro,0.0,31.0,9.0,25181.91,31.0,0
537,Customer 537,53,F,São Paulo,0.0,31.0,6.0,18336.97,31.0,0
538,Customer 538,56,M,Curitiba,0.0,31.0,4.0,9866.880000000001,31.0,0
539,Customer 539,37,F,Curitiba,0.0,31.0,5.0,14072.24,31.0,0
540,Customer 540,51,F,São Paulo,0.0,62.0,4.0,11922.41,62.0,0
541,Customer 541,37,M,Rio de Janeiro,0.0,184.0,2.0,7574.1,184.0,1
542,Customer 542,23,F,Curitiba,0.0,123.0,4.0,12168.779999999999,123.0,1
543,Customer 543,28,F,Rio de Janeiro,0.0,0.0,5.0,9720.13,0.0,0
544,Customer 544,42,F,Belo Horizonte,0.0,31.0,6.0,7059.92,31.0,0
545,Customer 545,57,M,São Paulo,0.0,31.0,7.0,21229.190000000002,31.0,0
546,Customer 546,18,M,São Paulo,0.0,31.0,8.0,17954.05,31.0,0
547,Customer 547,37,M,São Paulo,0.0,31.0,5.0,13954.900000000001,31.0,0
548,Customer 548,59,F,Rio de Janeiro,0.0,0.0,5.0,15127.739999999998,0.0,0
549,Customer 549,23,F,Rio de Janeiro,0.0,123.0,6.0,23773.89,123.0,1
550,Customer 550,62,M,Rio de Janeiro,0.0,62.0,5.0,17070.48,62.0,0
551,Customer 551,44,F,São Paulo,0.0,0.0,7.0,18263.91,0.0,0
552,Customer 552,50,F,Rio de Janeiro,0.0,212.0,4.0,12389.25,212.0,1
553,Customer 553,44,F,Curitiba,0.0,62.0,5.0,10393.69,62.0,0
554,Customer 554,50,F,São Paulo,0.0,0.0,10.0,19062.82,0.0,0
555,Customer 555,28,F,São Paulo,0.0,123.0,4.0,8338.68,123.0,1
556,Customer 556,21,F,Curitiba,0.0,0.0,5.0,9146.3,0.0,0
557,Customer 557,63,M,Belo Horizonte,0.0,31.0,5.0,16130.310000000001,31.0,0
558,Customer 558,64,M,Curitiba,0.0,62.0,6.0,9426.779999999999,62.0,0
559,Customer 559,67,M,Curitiba,0.0,62.0,4.0,10959.35,62.0,0
560,Customer 560,32,F,São Paulo,0.0,153.0,5.0,4746.049999999999,153.0,1
561,Customer 561,47,M,Belo Horizonte,0.0,31.0,9.0,23076.95,31.0,0
562,Customer 562,28,F,Belo Horizonte,0.0,62.0,3.0,10697.31,62.0,0
563,Customer 563,59,F,Rio de Janeiro,0.0,31.0,9.0,28355.97,31.0,0
564,Customer 564,31,F,Curitiba,0.0,62.0,8.0,27051.3,62.0,0
565,Customer 565,51,M,Rio de Janeiro,0.0,31.0,2.0,4916.2,31.0,0
566,Customer 566,31,M,Belo Horizonte,0.0,31.0,4.0,13336.0,31.0,0
567,Customer 567,28,M,Rio de Janeiro,0.0,31.0,5.0,4498.64,31.0,0
568,Customer 568,53,F,Curitiba,0.0,92.0,2.0,1561.76,92.0,1
569,Customer 569,39,F,São Paulo,0.0,62.0,3.0,7951.74,62.0,0
570,Customer 570,57,M,Rio de Janeiro,0.0,31.0,7.0,17658.27,31.0,0
571,Customer 571,43,F,Belo Horizonte,0.0,304.0,3.0,7751.68,304.0,1
572,Customer 572,57,M,Curitiba,0.0,31.0,5.0,8867.96,31.0,0
573,Customer 573,27,M,São Paulo,0.0,92.0,2.0,6084.41,92.0,1
574,Customer 574,63,F,Rio de Janeiro,0.0,62.0,4.0,6222.53,62.0,0
575,Customer 575,30,M,São Paulo,0.0,92.0,5.0,11988.349999999999,92.0,1
576,Customer 576,42,M,Rio de Janeiro,0.0,31.0,6.0,15241.82,31.0,0
577,Customer 577,53,F,Rio de Janeiro,0.0,62.0,2.0,4016.83,62.0,0
578,Customer 578,65,M,São Paulo,0.0,123.0,6.0,14345.51,123.0,1
579,Customer 579,31,M,Rio de Janeiro,0.0,31.0,4.0,5842.889999999999,31.0,0
580,Customer 580,54,F,Rio de Janeiro,0.0,62.0,5.0,11347.220000000001,62.0,0
581,Customer 581,33,M,São Paulo,0.0,274.0,2.0,6574.77,274.0,1
582,Customer 582,65,F,São Paulo,0.0,243.0,4.0,11903.3,243.0,1
583,Customer 583,45,F,Curitiba,0.0,0.0,9.0,28285.97,0.0,0
584,Customer 584,21,F,Belo Horizonte,0.0,0.0,3.0,5757.8,0.0,0
585,Customer 585,19,F,Curitiba,0.0,31.0,5.0,12345.59,31.0,0
586,Customer 586,50,F,Belo Horizonte,0.0,62.0,9.0,28013.449999999997,62.0,0
587,Customer 587,63,M,Curitiba,0.0,123.0,5.0,9605.369999999999,123.0,1
588,Customer 588,34,M,Curitiba,0.0,31.0,2.0,5335.7,31.0,0
589,Customer 589,61,F,Curitiba,0.0,243.0,3.0,8693.279999999999,243.0,1
590,Customer 590,37,F,Belo Horizonte,0.0,0.0,4.0,10881.27,0.0,0
591,Customer 591,62,M,Belo Horizonte,0.0,0.0,6.0,26122.07,0.0,0
592,Customer 592,65,F,Curitiba,0.0,0.0,10.0,28493.82,0.0,0
593,Customer 593,34,F,Curitiba,0.0,62.0,6.0,16331.25,62.0,0
594,Customer 594,61,M,São Paulo,0.0,0.0,5.0,12715.949999999999,0.0,0
595,Customer 595,59,M,São Paulo,0.0,31.0,5.0,7888.17,31.0,0
596,Customer 596,68,M,Belo Horizonte,0.0,62.0,8.0,26383.69,62.0,0
597,Customer 597,39,F,Belo Horizonte,0.0,62.0,3.0,9994.039999999999,62.0,0
598,Customer 598,67,F,Curitiba,0.0,184.0,5.0,11451.73,184.0,1
599,Customer 599,35,M,São Paulo,0.0,62.0,6.0,12564.03,62.0,0
600,Customer 600,63,F,Rio de Janeiro,0.0,153.0,3.0,9757.56,153.0,1
601,Customer 601,42,M,Rio de Janeiro,0.0,31.0,8.0,16482.28,31.0,0
602,Customer 602,54,F,Belo Horizonte,0.0,31.0,4.0,11203.490000000002,31.0,0
603,Customer 603,56,F,Belo Horizonte,0.0,243.0,3.0,6806.6,243.0,1
604,Customer 604,66,M,Rio de Janeiro,0.0,31.0,3.0,10403.21,31.0,0
605,Customer 605,58,F,Curitiba,0.0,274.0,1.0,3177.22,274.0,1
606,Customer 606,62,F,Rio de Janeiro,0.0,0.0,12.0,30026.17,0.0,0
607,Customer 607,56,M,Curitiba,0.0,0.0,6.0,13873.2,0.0,0
608,Customer 608,30,M,São Paulo,0.0,31.0,8.0,21369.48,31.0,0
609,Customer 609,61,F,Belo Horizonte,0.0,123.0,7.0,15788.300000000001,123.0,1
610,Customer 610,39,F,São Paulo,0.0,62.0,4.0,11840.89,62.0,0
611,Customer 611,62,M,Curitiba,0.0,62.0,4.0,13298.28,62.0,0
612,Customer 612,43,M,Curitiba,0.0,0.0,9.0,28023.61,0.0,0
613,Customer 613,63,F,Belo Horizonte,0.0,62.0,9.0,23442.84,62.0,0
614,Customer 614,47,F,Curitiba,0.0,123.0,3.0,11784.11,123.0,1
615,Customer 615,27,M,Curitiba,0.0,31.0,3.0,6470.7699999999995,31.0,0
616,Customer 616,18,F,Curitiba,0.0,92.0,3.0,3958.85,92.0,1
617,Customer 617,30,F,Rio de Janeiro,0.0,0.0,4.0,10632.79,0.0,0
618,Customer 618,50,M,São Paulo,0.0,31.0,3.0,11940.470000000001,31.0,0
619,Customer 619,54,M,Rio de Janeiro,0.0,0.0,5.0,14263.3,0.0,0
620,Customer 620,59,F,Belo Horizonte,0.0,31.0,7.0,17754.32,31.0,0
621,Customer 621,50,M,Belo Horizonte,0.0,62.0,3.0,8253.119999999999,62.0,0
622,Customer 622,42,F,Curitiba,0.0,92.0,3.0,5213.4800000000005,92.0,1
623,Customer 623,66,F,Belo Horizonte,0.0,0.0,6.0,19097.92,0.0,0
624,Customer 624,25,M,Rio de Janeiro,0.0,62.0,11.0,27693.850000000002,62.0,0
625,Customer 625,68,F,Belo Horizonte,0.0,0.0,5.0,5268.3099999999995,0.0,0
626,Customer 626,39,F,Belo Horizonte,0.0,274.0,5.0,10035.470000000001,274.0,1
627,Customer 627,47,M,Rio de Janeiro,0.0,92.0,6.0,15485.289999999999,92.0,1
628,Customer 628,23,F,Belo Horizonte,0.0,,0.0,0.0,,0
629,Customer 629,42,F,Curitiba,0.0,0.0,3.0,12391.490000000002,0.0,0
630,Customer 630,59,M,Belo Horizonte,0.0,153.0,2.0,9508.61,153.0,1
631,Customer 631,42,F,Curitiba,0.0,31.0,5.0,13411.130000000001,31.0,0
632,Customer 632,33,F,Rio de Janeiro,0.0,31.0,9.0,20036.38,31.0,0
633,Customer 633,56,F,Belo Horizonte,0.0,0.0,9.0,24802.149999999998,0.0,0
634,Customer 634,26,M,São Paulo,0.0,31.0,6.0,19451.99,31.0,0
635,Customer 635,51,M,Rio de Janeiro,0.0,0.0,6.0,12492.16,0.0,0
636,Customer 636,42,F,São Paulo,0.0,0.0,7.0,16860.28,0.0,0
637,Customer 637,24,F,Rio de Janeiro,0.0,0.0,8.0,18232.81,0.0,0
638,Customer 638,19,F,Curitiba,0.0,62.0,2.0,2728.66,62.0,0
639,Customer 639,63,F,Rio de Janeiro,0.0,62.0,4.0,7962.24,62.0,0
640,Customer 640,21,F,Belo Horizonte,0.0,0.0,5.0,16751.63,0.0,0
641,Customer 641,57,F,São Paulo,0.0,62.0,8.0,19893.03,62.0,0
642,Customer 642,58,M,Belo Horizonte,0.0,62.0,6.0,12510.98,62.0,0
643,Customer 643,22,M,Belo Horizonte,0.0,274.0,1.0,106.55,274.0,1
644,Customer 644,40,F,Belo Horizonte,0.0,31.0,7.0,13615.11,31.0,0
645,Customer 645,39,M,Curitiba,0.0,0.0,10.0,24687.47,0.0,0
646,Customer 646,25,M,São Paulo,0.0,153.0,5.0,9385.94,153.0,1
647,Customer 647,42,M,Curitiba,0.0,0.0,8.0,15475.61,0.0,0
648,Customer 648,58,F,São Paulo,0.0,0.0,8.0,18635.51,0.0,0
649,Customer 649,67,F,Curitiba,0.0,0.0,3.0,11510.73,0.0,0
650,Customer 650,42,F,Curitiba,0.0,31.0,5.0,11427.59,31.0,0
651,Customer 651,60,M,Curitiba,0.0,0.0,9.0,33635.659999999996,0.0,0
652,Customer 652,45,F,Belo Horizonte,0.0,184.0,2.0,4522.030000000001,184.0,1
653,Customer 653,62,F,Belo Horizonte,0.0,0.0,4.0,8838.69,0.0,0
654,Customer 654,67,F,Belo Horizonte,0.0,0.0,11.0,14440.630000000001,0.0,0
655,Customer 655,66,M,Rio de Janeiro,0.0,62.0,3.0,1879.2,62.0,0
656,Customer 656,56,F,Belo Horizonte,0.0,62.0,5.0,14746.21,62.0,0
657,Customer 657,26,M,São Paulo,0.0,62.0,5.0,10505.26,62.0,0
658,Customer 658,55,M,Belo Horizonte,0.0,62.0,6.0,20913.38,62.0,0
659,Customer 659,27,F,Belo Horizonte,0.0,92.0,5.0,17501.97,92.0,1
660,Customer 660,29,F,Curitiba,0.0,62.0,7.0,18695.649999999998,62.0,0
661,Customer 661,20,M,São Paulo,0.0,31.0,4.0,11953.880000000001,31.0,0
662,Customer 662,57,F,Rio de Janeiro,0.0,92.0,4.0,5919.88,92.0,1
663,Customer 663,52,F,Rio de Janeiro,0.0,0.0,4.0,6628.85,0.0,0
664,Customer 664,57,F,Curitiba,0.0,31.0,4.0,5835.969999999999,31.0,0
665,Customer 665,23,M,São Paulo,0.0,184.0,4.0,10674.82,184.0,1
666,Customer 666,61,M,Belo Horizonte,0.0,0.0,4.0,9652.35,0.0,0
667,Customer 667,59,M,Belo Horizonte,0.0,0.0,8.0,17005.98,0.0,0
668,Customer 668,57,M,Rio de Janeiro,0.0,153.0,6.0,19023.309999999998,153.0,1
669,Customer 669,56,F,Rio de Janeiro,0.0,62.0,5.0,8202.37,62.0,0
670,Customer 670,34,M,São Paulo,0.0,0.0,2.0,5110.57,0.0,0
671,Customer 671,36,F,São Paulo,0.0,62.0,5.0,10178.41,62.0,0
672,Customer 672,26,M,Belo Horizonte,0.0,0.0,7.0,15536.79,0.0,0
673,Customer 673,55,F,Curitiba,0.0,0.0,5.0,10901.789999999999,0.0,0
674,Customer 674,64,F,São Paulo,0.0,31.0,4.0,11143.81,31.0,0
675,Customer 675,38,M,Rio de Janeiro,0.0,62.0,6.0,10851.4,62.0,0
676,Customer 676,40,F,Belo Horizonte,0.0,62.0,5.0,9411.57,62.0,0
677,Customer 677,48,F,Rio de Janeiro,0.0,92.0,4.0,7498.97,92.0,1
678,Customer 678,37,F,Belo Horizonte,0.0,92.0,4.0,8519.17,92.0,1
679,Customer 679,21,F,Curitiba,0.0,31.0,5.0,18153.28,31.0,0
680,Customer 680,63,M,Curitiba,0.0,31.0,5.0,13241.61,31.0,0
681,Customer 681,45,F,São Paulo,0.0,0.0,4.0,11601.48,0.0,0
682,Customer 682,38,M,Curitiba,0.0,153.0,6.0,14473.939999999999,153.0,1
683,Customer 683,37,F,São Paulo,0.0,62.0,3.0,4294.09,62.0,0
684,Customer 684,28,F,Belo Horizonte,0.0,92.0,4.0,11392.150000000001,92.0,1
685,Customer 685,63,F,Belo Horizonte,0.0,92.0,3.0,5904.49,92.0,1
686,Customer 686,25,F,Rio de Janeiro,0.0,92.0,5.0,16529.09,92.0,1
687,Customer 687,53,F,São Paulo,0.0,92.0,1.0,504.02,92.0,1
688,Customer 688,34,F,São Paulo,0.0,0.0,4.0,5238.95,0.0,0
689,Customer 689,47,F,Belo Horizonte,0.0,0.0,7.0,13612.02,0.0,0
690,Customer 690,36,M,Belo Horizonte,0.0,62.0,6.0,11334.89,62.0,0
691,Customer 691,43,M,Curitiba,0.0,62.0,6.0,17158.24,62.0,0
692,Customer 692,28,M,Rio de Janeiro,0.0,31.0,5.0,16034.74,31.0,0
693,Customer 693,28,M,Belo Horizonte,0.0,0.0,5.0,8630.1,0.0,0
694,Customer 694,32,M,São Paulo,0.0,31.0,7.0,18974.74,31.0,0
695,Customer 695,50,F,Curitiba,0.0,62.0,7.0,15308.44,62.0,0
696,Customer 696,51,F,Rio de Janeiro,0.0,153.0,3.0,8475.029999999999,153.0,1
697,Customer 697,66,M,São Paulo,0.0,243.0,4.0,9051.24,243.0,1
698,Customer 698,60,F,São Paulo,0.0,62.0,5.0,12546.119999999999,62.0,0
699,Customer 699,41,F,São Paulo,0.0,212.0,3.0,12533.14,212.0,1
700,Customer 700,51,F,Belo Horizonte,0.0,62.0,3.0,2156.49,62.0,0
701,Customer 701,66,M,São Paulo,0.0,31.0,7.0,12046.43,31.0,0
702,Customer 702,25,F,Curitiba,0.0,184.0,2.0,2553.48,184.0,1
703,Customer 703,51,F,Curitiba,0.0,31.0,4.0,12959.369999999999,31.0,0
704,Customer 704,50,M,São Paulo,0.0,31.0,9.0,13203.42,31.0,0
705,Customer 705,33,F,Belo Horizonte,0.0,62.0,3.0,5712.4,62.0,0
706,Customer 706,38,M,Rio de Janeiro,0.0,31.0,4.0,9348.93,31.0,0
707,Customer 707,31,F,Curitiba,0.0,31.0,4.0,8973.02,31.0,0
708,Customer 708,47,F,Belo Horizonte,0.0,31.0,7.0,21542.239999999998,31.0,0
709,Customer 709,36,F,São Paulo,0.0,184.0,2.0,5307.139999999999,184.0,1
710,Customer 710,52,F,São Paulo,0.0,31.0,8.0,22253.66,31.0,0
711,Customer 711,60,F,São Paulo,0.0,31.0,6.0,8343.15,31.0,0
712,Customer 712,60,F,Curitiba,0.0,0.0,6.0,12520.279999999999,0.0,0
713,Customer 713,27,F,Belo Horizonte,0.0,31.0,5.0,9671.16,31.0,0
714,Customer 714,48,M,Belo Horizonte,0.0,31.0,3.0,7949.13,31.0,0
715,Customer 715,41,F,São Paulo,0.0,31.0,5.0,15812.470000000001,31.0,0
716,Customer 716,19,F,Rio de Janeiro,0.0,0.0,6.0,12189.52,0.0,0
717,Customer 717,35,M,Belo Horizonte,0.0,31.0,7.0,22909.22,31.0,0
718,Customer 718,34,M,São Paulo,0.0,123.0,4.0,9444.08,123.0,1
719,Customer 719,55,F,São Paulo,0.0,92.0,8.0,24607.239999999998,92.0,1
720,Customer 720,40,F,São Paulo,0.0,0.0,3.0,5481.0599999999995,0.0,0
721,Customer 721,67,M,São Paulo,0.0,31.0,6.0,12628.8,31.0,0
722,Customer 722,33,F,Belo Horizonte,0.0,123.0,6.0,19265.73,123.0,1
723,Customer 723,67,F,Rio de Janeiro,0.0,62.0,3.0,7243.49,62.0,0
724,Customer 724,44,M,Belo Horizonte,0.0,0.0,4.0,14335.37,0.0,0
725,Customer 725,27,M,Belo Horizonte,0.0,92.0,3.0,7772.09,92.0,1
726,Customer 726,51,M,Curitiba,0.0,0.0,8.0,22348.27,0.0,0
727,Customer 727,36,F,Belo Horizonte,0.0,123.0,3.0,12681.83,123.0,1
728,Customer 728,66,M,São Paulo,0.0,62.0,6.0,19144.07,62.0,0
729,Customer 729,59,F,São Paulo,0.0,92.0,5.0,15086.86,92.0,1
730,Customer 730,53,F,Rio de Janeiro,0.0,0.0,1.0,1013.02,0.0,0
731,Customer 731,69,M,Belo Horizonte,0.0,123.0,3.0,10102.130000000001,123.0,1
732,Customer 732,64,F,Rio de Janeiro,0.0,31.0,9.0,29856.609999999997,31.0,0
733,Customer 733,22,M,Curitiba,0.0,243.0,4.0,9547.26,243.0,1
734,Customer 734,48,M,São Paulo,0.0,0.0,5.0,13127.140000000001,0.0,0
735,Customer 735,50,F,Belo Horizonte,0.0,0.0,10.0,20700.46,0.0,0
736,Customer 736,68,M,Curitiba,0.0,62.0,6.0,9149.36,62.0,0
737,Customer 737,25,M,Curitiba,0.0,92.0,3.0,9833.13,92.0,1
738,Customer 738,57,M,São Paulo,0.0,123.0,3.0,7662.76,123.0,1
739,Customer 739,39,M,Belo Horizonte,0.0,92.0,3.0,7515.58,92.0,1
740,Customer 740,53,M,Curitiba,0.0,123.0,4.0,5724.26,123.0,1
741,Customer 741,22,F,Rio de Janeiro,0.0,212.0,2.0,2944.7799999999997,212.0,1
742,Customer 742,39,F,Rio de Janeiro,0.0,0.0,3.0,9699.3,0.0,0
743,Customer 743,18,M,Curitiba,0.0,0.0,5.0,15198.5,0.0,0
744,Customer 744,61,F,Curitiba,0.0,184.0,3.0,8550.68,184.0,1
745,Customer 745,23,F,Rio de Janeiro,0.0,243.0,1.0,1613.41,243.0,1
746,Customer 746,44,F,São Paulo,0.0,92.0,5.0,19437.22,92.0,1
747,Customer 747,49,M,São Paulo,0.0,31.0,7.0,14531.64,31.0,0
748,Customer 748,58,F,Curitiba,0.0,92.0,8.0,18966.559999999998,92.0,1
749,Customer 749,48,M,Curitiba,0.0,92.0,6.0,16979.94,92.0,1
750,Customer 750,38,M,Belo Horizonte,0.0,62.0,6.0,18506.83,62.0,0
751,Customer 751,21,M,Rio de Janeiro,0.0,62.0,3.0,7092.7,62.0,0
752,Customer 752,40,F,São Paulo,0.0,153.0,5.0,10098.49,153.0,1
753,Customer 753,50,M,Rio de Janeiro,0.0,153.0,6.0,14490.849999999999,153.0,1
754,Customer 754,19,F,Belo Horizonte,0.0,0.0,4.0,6553.530000000001,0.0,0
755,Customer 755,49,F,Curitiba,0.0,31.0,7.0,20982.47,31.0,0
756,Customer 756,25,F,Curitiba,0.0,0.0,7.0,20480.72,0.0,0
757,Customer 757,68,F,Rio de Janeiro,0.0,243.0,1.0,1799.43,243.0,1
758,Customer 758,44,M,São Paulo,0.0,212.0,3.0,6013.119999999999,212.0,1
759,Customer 759,54,F,Rio de Janeiro,0.0,62.0,6.0,14749.23,62.0,0
760,Customer 760,38,M,Belo Horizonte,0.0,0.0,6.0,7689.38,0.0,0
761,Customer 761,43,F,Rio de Janeiro,0.0,31.0,5.0,9419.95,31.0,0
762,Customer 762,34,M,Curitiba,0.0,31.0,4.0,12514.29,31.0,0
763,Customer 763,60,F,Rio de Janeiro,0.0,92.0,5.0,16287.92,92.0,1
764,Customer 764,53,F,Belo Horizonte,0.0,0.0,2.0,3663.5,0.0,0
765,Customer 765,22,M,Belo Horizonte,0.0,0.0,7.0,14063.68,0.0,0
766,Customer 766,34,M,Belo Horizonte,0.0,62.0,5.0,12544.51,62.0,0
767,Customer 767,31,M,São Paulo,0.0,31.0,4.0,8336.77,31.0,0
768,Customer 768,19,M,Belo Horizonte,0.0,0.0,7.0,18868.6,0.0,0
769,Customer 769,59,F,Curitiba,0.0,0.0,7.0,15773.41,0.0,0
770,Customer 770,30,F,São Paulo,0.0,123.0,6.0,18238.6,123.0,1
771,Customer 771,30,M,São Paulo,0.0,92.0,5.0,17489.01,92.0,1
772,Customer 772,34,F,São Paulo,0.0,184.0,3.0,12841.720000000001,184.0,1
773,Customer 773,68,F,Curitiba,0.0,0.0,7.0,20933.41,0.0,0
774,Customer 774,46,F,São Paulo,0.0,92.0,4.0,12901.22,92.0,1
775,Customer 775,67,M,São Paulo,0.0,0.0,5.0,12697.16,0.0,0
776,Customer 776,36,F,Belo Horizonte,0.0,31.0,5.0,19228.34,31.0,0
777,Customer 777,34,M,Rio de Janeiro,0.0,92.0,5.0,8677.58,92.0,1
778,Customer 778,49,F,Rio de Janeiro,0.0,62.0,5.0,10011.25,62.0,0
779,Customer 779,18,F,São Paulo,0.0,184.0,4.0,5374.56,184.0,1
780,Customer 780,37,M,Rio de Janeiro,0.0,31.0,4.0,10572.64,31.0,0
781,Customer 781,69,F,Curitiba,0.0,62.0,5.0,12000.960000000001,62.0,0
782,Customer 782,45,F,Curitiba,0.0,0.0,10.0,24224.23,0.0,0
783,Customer 783,27,F,Rio de Janeiro,0.0,92.0,3.0,8595.960000000001,92.0,1
784,Customer 784,20,M,Rio de Janeiro,0.0,31.0,9.0,19846.44,31.0,0
785,Customer 785,31,M,Curitiba,0.0,0.0,4.0,10813.6,0.0,0
786,Customer 786,59,M,São Paulo,0.0,243.0,3.0,10457.75,243.0,1
787,Customer 787,35,F,Belo Horizonte,0.0,0.0,4.0,2485.44,0.0,0
788,Customer 788,56,F,Rio de Janeiro,0.0,62.0,3.0,8490.06,62.0,0
789,Customer 789,61,M,São Paulo,0.0,31.0,7.0,22382.61,31.0,0
790,Customer 790,61,F,Belo Horizonte,0.0,31.0,11.0,27386.98,31.0,0
791,Customer 791,59,F,São Paulo,0.0,184.0,2.0,3952.34,184.0,1
792,Customer 792,36,M,São Paulo,0.0,0.0,4.0,5533.18,0.0,0
793,Customer 793,69,F,Belo Horizonte,0.0,0.0,3.0,11516.460000000001,0.0,0
794,Customer 794,27,F,Rio de Janeiro,0.0,0.0,4.0,7691.13,0.0,0
795,Customer 795,35,M,São Paulo,0.0,0.0,5.0,8631.55,0.0,0
796,Customer 796,50,F,São Paulo,0.0,212.0,4.0,11207.5,212.0,1
797,Customer 797,34,M,Belo Horizonte,0.0,62.0,3.0,9762.779999999999,62.0,0
798,Customer 798,25,F,São Paulo,0.0,243.0,2.0,2052.0099999999998,243.0,1
799,Customer 799,66,F,Belo Horizonte,0.0,62.0,9.0,25826.329999999998,62.0,0
800,Customer 800,28,F,São Paulo,0.0,62.0,2.0,7144.53,62.0,0
801,Customer 801,53,F,Rio de Janeiro,0.0,31.0,4.0,11520.45,31.0,0
802,Customer 802,56,M,Rio de Janeiro,0.0,153.0,1.0,3486.87,153.0,1
803,Customer 803,53,M,Rio de Janeiro,0.0,0.0,9.0,29667.43,0.0,0
804,Customer 804,28,F,Curitiba,0.0,184.0,1.0,1524.52,184.0,1
805,Customer 805,42,M,Belo Horizonte,0.0,31.0,2.0,3844.66,31.0,0
806,Customer 806,40,F,São Paulo,0.0,92.0,5.0,12875.36,92.0,1
807,Customer 807,47,F,Belo Horizonte,0.0,0.0,7.0,13916.16,0.0,0
808,Customer 808,53,F,Belo Horizonte,0.0,31.0,8.0,23265.31,31.0,0
809,Customer 809,48,F,Belo Horizonte,0.0,0.0,4.0,9930.02,0.0,0
810,Customer 810,27,M,São Paulo,0.0,274.0,2.0,5972.98,274.0,1
811,Customer 811,35,F,Rio de Janeiro,0.0,31.0,10.0,23029.370000000003,31.0,0
812,Customer 812,33,F,Curitiba,0.0,62.0,5.0,11192.93,62.0,0
813,Customer 813,69,M,Rio de Janeiro,0.0,0.0,5.0,10527.56,0.0,0
814,Customer 814,48,F,São Paulo,0.0,62.0,6.0,13392.7,62.0,0
815,Customer 815,19,F,Belo Horizonte,0.0,31.0,6.0,14452.4,31.0,0
816,Customer 816,39,F,Rio de Janeiro,0.0,31.0,8.0,25130.66,31.0,0
817,Customer 817,50,M,Curitiba,0.0,92.0,3.0,8398.02,92.0,1
818,Customer 818,33,M,São Paulo,0.0,62.0,5.0,8267.65,62.0,0
819,Customer 819,66,F,Rio de Janeiro,0.0,62.0,5.0,11498.02,62.0,0
820,Customer 820,32,F,Curitiba,0.0,0.0,4.0,11336.380000000001,0.0,0
821,Customer 821,23,F,Curitiba,0.0,62.0,6.0,10833.970000000001,62.0,0
822,Customer 822,45,M,Rio de Janeiro,0.0,0.0,6.0,20799.63,0.0,0
823,Customer 823,52,F,Belo Horizonte,0.0,62.0,2.0,2701.36,62.0,0
824,Customer 824,45,F,Belo Horizonte,0.0,153.0,5.0,8693.48,153.0,1
825,Customer 825,45,M,Curitiba,0.0,31.0,4.0,9087.869999999999,31.0,0
826,Customer 826,51,M,Curitiba,0.0,243.0,4.0,5473.16,243.0,1
827,Customer 827,68,F,Rio de Janeiro,0.0,31.0,4.0,8909.21,31.0,0
828,Customer 828,49,M,Curitiba,0.0,0.0,6.0,15256.68,0.0,0
829,Customer 829,37,M,Belo Horizonte,0.0,31.0,4.0,11838.529999999999,31.0,0
830,Customer 830,36,F,São Paulo,0.0,62.0,2.0,7520.290000000001,62.0,0
831,Customer 831,43,F,Curitiba,0.0,31.0,5.0,9541.560000000001,31.0,0
832,Customer 832,57,F,Belo Horizonte,0.0,123.0,4.0,10960.2,123.0,1
833,Customer 833,45,M,Curitiba,0.0,31.0,2.0,5213.02,31.0,0
834,Customer 834,19,F,Curitiba,0.0,184.0,2.0,5361.4,184.0,1
835,Customer 835,30,M,Belo Horizonte,0.0,31.0,5.0,9523.11,31.0,0
836,Customer 836,69,M,Curitiba,0.0,31.0,6.0,17359.82,31.0,0
837,Customer 837,49,F,Belo Horizonte,0.0,335.0,1.0,2275.0,335.0,1
838,Customer 838,20,M,São Paulo,0.0,0.0,5.0,14550.449999999999,0.0,0
839,Customer 839,49,M,São Paulo,0.0,184.0,4.0,7921.15,184.0,1
840,Customer 840,25,F,Curitiba,0.0,31.0,7.0,19543.53,31.0,0
841,Customer 841,51,F,São Paulo,0.0,62.0,3.0,5698.0599999999995,62.0,0
842,Customer 842,66,M,São Paulo,0.0,153.0,6.0,12665.06,153.0,1
843,Customer 843,48,M,Rio de Janeiro,0.0,243.0,3.0,8249.36,243.0,1
844,Customer 844,42,M,Rio de Janeiro,0.0,0.0,4.0,6070.76,0.0,0
845,Customer 845,57,F,Belo Horizonte,0.0,274.0,2.0,6207.620000000001,274.0,1
846,Customer 846,68,F,São Paulo,0.0,31.0,4.0,5254.38,31.0,0
847,Customer 847,21,F,Curitiba,0.0,92.0,5.0,16237.3,92.0,1
848,Customer 848,69,F,Curitiba,0.0,274.0,5.0,14823.330000000002,274.0,1
849,Customer 849,50,F,São Paulo,0.0,0.0,4.0,9474.960000000001,0.0,0
850,Customer 850,42,F,São Paulo,0.0,92.0,2.0,6875.23,92.0,1
851,Customer 851,43,M,Curitiba,0.0,123.0,1.0,2765.17,123.0,1
852,Customer 852,43,M,Belo Horizonte,0.0,0.0,7.0,16685.89,0.0,0
853,Customer 853,64,M,Belo Horizonte,0.0,123.0,4.0,9813.09,123.0,1
854,Customer 854,60,F,Rio de Janeiro,0.0,31.0,4.0,10594.900000000001,31.0,0
855,Customer 855,59,F,Rio de Janeiro,0.0,123.0,4.0,14207.259999999998,123.0,1
856,Customer 856,23,F,Belo Horizonte,0.0,62.0,5.0,14804.1,62.0,0
857,Customer 857,33,M,São Paulo,0.0,31.0,7.0,18294.86,31.0,0
858,Customer 858,35,M,Curitiba,0.0,92.0,10.0,28161.14,92.0,1
859,Customer 859,22,F,São Paulo,0.0,62.0,5.0,5676.2699999999995,62.0,0
860,Customer 860,55,F,São Paulo,0.0,0.0,2.0,6230.59,0.0,0
861,Customer 861,35,M,Curitiba,0.0,0.0,5.0,13271.720000000001,0.0,0
862,Customer 862,42,M,Rio de Janeiro,0.0,0.0,2.0,5549.04,0.0,0
863,Customer 863,26,F,Curitiba,0.0,0.0,6.0,17483.1,0.0,0
864,Customer 864,27,M,Belo Horizonte,0.0,31.0,5.0,11361.64,31.0,0
865,Customer 865,52,F,Curitiba,0.0,184.0,3.0,14048.439999999999,184.0,1
866,Customer 866,55,F,São Paulo,0.0,62.0,2.0,2243.04,62.0,0
867,Customer 867,34,F,Rio de Janeiro,0.0,31.0,4.0,9332.51,31.0,0
868,Customer 868,26,M,São Paulo,0.0,31.0,8.0,14473.560000000001,31.0,0
869,Customer 869,22,M,Belo Horizonte,0.0,62.0,3.0,6129.99,62.0,0
870,Customer 870,31,M,Rio de Janeiro,0.0,0.0,4.0,10951.39,0.0,0
871,Customer 871,52,M,São Paulo,0.0,31.0,7.0,14936.369999999999,31.0,0
872,Customer 872,19,F,Curitiba,0.0,92.0,2.0,5102.1,92.0,1
873,Customer 873,47,F,Rio de Janeiro,0.0,31.0,5.0,12651.669999999998,31.0,0
874,Customer 874,47,M,Curitiba,0.0,31.0,4.0,8317.63,31.0,0
875,Customer 875,26,M,Rio de Janeiro,0.0,31.0,8.0,26017.010000000002,31.0,0
876,Customer 876,46,M,Rio de Janeiro,0.0,153.0,1.0,918.18,153.0,1
877,Customer 877,25,M,Rio de Janeiro,0.0,62.0,7.0,15474.21,62.0,0
878,Customer 878,52,F,Curitiba,0.0,31.0,6.0,14891.789999999999,31.0,0
879,Customer 879,29,F,São Paulo,0.0,153.0,1.0,3848.74,153.0,1
880,Customer 880,26,F,São Paulo,0.0,153.0,2.0,3412.77,153.0,1
881,Customer 881,60,M,São Paulo,0.0,123.0,7.0,10211.630000000001,123.0,1
882,Customer 882,36,F,Belo Horizonte,0.0,92.0,4.0,15357.83,92.0,1
883,Customer 883,57,F,Rio de Janeiro,0.0,153.0,4.0,8313.17,153.0,1
884,Customer 884,53,F,Curitiba,0.0,62.0,10.0,27014.25,62.0,0
885,Customer 885,53,M,Curitiba,0.0,62.0,5.0,5858.1,62.0,0
886,Customer 886,35,F,Rio de Janeiro,0.0,0.0,8.0,26085.18,0.0,0
887,Customer 887,53,M,Rio de Janeiro,0.0,0.0,4.0,8782.66,0.0,0
888,Customer 888,43,M,Curitiba,0.0,212.0,4.0,9621.01,212.0,1
889,Customer 889,32,F,Curitiba,0.0,31.0,8.0,20978.12,31.0,0
890,Customer 890,40,F,Belo Horizonte,0.0,62.0,6.0,14436.99,62.0,0
891,Customer 891,47,M,Rio de Janeiro,0.0,0.0,4.0,15114.470000000001,0.0,0
892,Customer 892,24,F,Belo Horizonte,0.0,62.0,5.0,11398.75,62.0,0
893,Customer 893,62,F,Belo Horizonte,0.0,0.0,11.0,31497.57,0.0,0
894,Customer 894,34,F,Rio de Janeiro,0.0,123.0,3.0,6782.68,123.0,1
895,Customer 895,37,F,Belo Horizonte,0.0,153.0,2.0,5867.13,153.0,1
896,Customer 896,32,F,São Paulo,0.0,62.0,6.0,12166.04,62.0,0
897,Customer 897,20,M,Curitiba,0.0,31.0,4.0,10975.18,31.0,0
898,Customer 898,42,M,Rio de Janeiro,0.0,0.0,6.0,11724.380000000001,0.0,0
899,Customer 899,68,F,Curitiba,0.0,31.0,6.0,15956.58,31.0,0
900,Customer 900,18,F,Belo Horizonte,0.0,92.0,5.0,12921.07,92.0,1
901,Customer 901,25,F,Rio de Janeiro,0.0,62.0,3.0,9382.82,62.0,0
902,Customer 902,45,F,São Paulo,0.0,0.0,6.0,12741.14,0.0,0
903,Customer 903,54,M,Rio de Janeiro,0.0,92.0,7.0,15953.019999999999,92.0,1
904,Customer 904,39,M,São Paulo,0.0,31.0,6.0,19010.39,31.0,0
905,Customer 905,41,M,São Paulo,0.0,62.0,6.0,16859.64,62.0,0
906,Customer 906,55,M,Rio de Janeiro,0.0,92.0,3.0,6478.51,92.0,1
907,Customer 907,20,M,Rio de Janeiro,0.0,31.0,6.0,14672.3,31.0,0
908,Customer 908,40,F,Rio de Janeiro,0.0,0.0,6.0,16816.83,0.0,0
909,Customer 909,19,M,Curitiba,0.0,62.0,7.0,12367.43,62.0,0
910,Customer 910,50,F,São Paulo,0.0,62.0,3.0,6647.43,62.0,0
911,Customer 911,19,F,São Paulo,0.0,0.0,10.0,27165.02,0.0,0
912,Customer 912,27,F,São Paulo,0.0,0.0,6.0,11910.77,0.0,0
913,Customer 913,23,F,Curitiba,0.0,92.0,8.0,23268.79,92.0,1
914,Customer 914,29,M,Curitiba,0.0,31.0,9.0,19467.51,31.0,0
915,Customer 915,39,F,Rio de Janeiro,0.0,243.0,3.0,7445.450000000001,243.0,1
916,Customer 916,39,F,Curitiba,0.0,62.0,6.0,18601.42,62.0,0
917,Customer 917,58,M,Curitiba,0.0,31.0,9.0,22109.82,31.0,0
918,Customer 918,43,M,Curitiba,0.0,92.0,4.0,8417.86,92.0,1
919,Customer 919,69,M,Rio de Janeiro,0.0,31.0,8.0,11087.59,31.0,0
920,Customer 920,22,F,Rio de Janeiro,0.0,62.0,8.0,16996.47,62.0,0
921,Customer 921,40,F,Curitiba,0.0,62.0,3.0,7617.139999999999,62.0,0
922,Customer 922,23,F,Curitiba,0.0,62.0,7.0,14425.06,62.0,0
923,Customer 923,26,M,São Paulo,0.0,62.0,7.0,12968.16,62.0,0
924,Customer 924,48,M,São Paulo,0.0,31.0,5.0,14411.27,31.0,0
925,Customer 925,48,F,Rio de Janeiro,0.0,31.0,8.0,19903.23,31.0,0
926,Customer 926,33,F,São Paulo,0.0,31.0,6.0,10560.81,31.0,0
927,Customer 927,68,M,São Paulo,0.0,62.0,3.0,12147.57,62.0,0
928,Customer 928,64,M,Rio de Janeiro,0.0,62.0,8.0,21137.39,62.0,0
929,Customer 929,32,M,Curitiba,0.0,92.0,3.0,8345.01,92.0,1
930,Customer 930,65,F,Belo Horizonte,0.0,0.0,8.0,27634.86,0.0,0
931,Customer 931,52,F,Belo Horizonte,0.0,31.0,2.0,5314.59,31.0,0
932,Customer 932,61,M,Belo Horizonte,0.0,31.0,4.0,11177.84,31.0,0
933,Customer 933,41,F,Curitiba,0.0,0.0,8.0,24832.440000000002,0.0,0
934,Customer 934,58,M,Curitiba,0.0,62.0,6.0,14212.72,62.0,0
935,Customer 935,40,M,São Paulo,0.0,92.0,3.0,8215.41,92.0,1
936,Customer 936,44,F,Curitiba,0.0,31.0,5.0,9833.44,31.0,0
937,Customer 937,48,F,São Paulo,0.0,62.0,2.0,7031.06,62.0,0
938,Customer 938,58,M,Belo Horizonte,0.0,0.0,7.0,13035.2,0.0,0
939,Customer 939,53,F,Belo Horizonte,0.0,31.0,2.0,5777.969999999999,31.0,0
940,Customer 940,51,M,Rio de Janeiro,0.0,0.0,1.0,3041.69,0.0,0
941,Customer 941,24,F,São Paulo,0.0,0.0,10.0,26782.36,0.0,0
942,Customer 942,24,F,Belo Horizonte,0.0,,0.0,0.0,,0
943,Customer 943,68,M,Belo Horizonte,0.0,31.0,6.0,12125.32,31.0,0
944,Customer 944,59,M,Curitiba,0.0,0.0,4.0,9180.89,0.0,0
945,Customer 945,38,M,Curitiba,0.0,62.0,4.0,11330.67,62.0,0
946,Customer 946,50,M,Rio de Janeiro,0.0,153.0,3.0,6646.17,153.0,1
947,Customer 947,23,M,Curitiba,0.0,123.0,3.0,4076.31,123.0,1
948,Customer 948,60,F,Rio de Janeiro,0.0,304.0,1.0,1938.54,304.0,1
949,Customer 949,60,M,Belo Horizonte,0.0,184.0,3.0,10773.76,184.0,1
950,Customer 950,60,M,Belo Horizonte,0.0,31.0,3.0,8382.19,31.0,0
951,Customer 951,20,F,Belo Horizonte,0.0,0.0,5.0,15613.189999999999,0.0,0
952,Customer 952,38,M,Rio de Janeiro,0.0,31.0,5.0,7875.42,31.0,0
953,Customer 953,59,M,São Paulo,0.0,62.0,3.0,5259.41,62.0,0
954,Customer 954,30,M,Rio de Janeiro,0.0,0.0,7.0,9703.07,0.0,0
955,Customer 955,37,F,São Paulo,0.0,0.0,4.0,7031.97,0.0,0
956,Customer 956,56,F,São Paulo,0.0,0.0,7.0,22570.98,0.0,0
957,Customer 957,37,M,Rio de Janeiro,0.0,153.0,2.0,2559.66,153.0,1
958,Customer 958,47,F,Rio de Janeiro,0.0,0.0,3.0,5522.24,0.0,0
959,Customer 959,66,F,Curitiba,0.0,31.0,11.0,24093.9,31.0,0
960,Customer 960,44,M,Rio de Janeiro,0.0,62.0,6.0,17079.92,62.0,0
961,Customer 961,23,M,São Paulo,0.0,0.0,4.0,9401.14,0.0,0
962,Customer 962,31,M,São Paulo,0.0,62.0,5.0,8045.279999999999,62.0,0
963,Customer 963,64,M,Belo Horizonte,0.0,212.0,5.0,12620.2,212.0,1
964,Customer 964,51,M,Belo Horizonte,0.0,0.0,7.0,15502.52,0.0,0
965,Customer 965,59,F,Rio de Janeiro,0.0,92.0,7.0,14932.610000000002,92.0,1
966,Customer 966,29,F,Curitiba,0.0,123.0,1.0,2627.28,123.0,1
967,Customer 967,25,M,Curitiba,0.0,274.0,3.0,6041.299999999999,274.0,1
968,Customer 968,65,M,Belo Horizonte,0.0,62.0,6.0,16243.200000000003,62.0,0
969,Customer 969,21,M,Curitiba,0.0,0.0,7.0,14071.78,0.0,0
970,Customer 970,54,M,Rio de Janeiro,0.0,0.0,4.0,8441.64,0.0,0
971,Customer 971,18,F,São Paulo,0.0,62.0,6.0,11417.14,62.0,0
972,Customer 972,65,F,Rio de Janeiro,0.0,184.0,3.0,9774.890000000001,184.0,1
973,Customer 973,35,F,Rio de Janeiro,0.0,62.0,5.0,16651.83,62.0,0
974,Customer 974,50,F,Belo Horizonte,0.0,0.0,5.0,13144.900000000001,0.0,0
975,Customer 975,18,M,Curitiba,0.0,153.0,7.0,14656.82,153.0,1
976,Customer 976,69,M,Belo Horizonte,0.0,92.0,7.0,20573.370000000003,92.0,1
977,Customer 977,51,F,Curitiba,0.0,0.0,8.0,26942.76,0.0,0
978,Customer 978,48,F,Rio de Janeiro,0.0,0.0,6.0,18649.32,0.0,0
979,Customer 979,49,M,Rio de Janeiro,0.0,0.0,8.0,16393.68,0.0,0
980,Customer 980,57,F,São Paulo,0.0,0.0,4.0,9961.59,0.0,0
981,Customer 981,61,F,Belo Horizonte,0.0,123.0,6.0,14785.59,123.0,1
982,Customer 982,58,M,Curitiba,0.0,92.0,4.0,12915.939999999999,92.0,1
983,Customer 983,61,M,Rio de Janeiro,0.0,153.0,3.0,6699.09,153.0,1
984,Customer 984,29,F,São Paulo,0.0,0.0,7.0,14174.77,0.0,0
985,Customer 985,45,M,São Paulo,0.0,31.0,6.0,11243.42,31.0,0
986,Customer 986,21,F,Rio de Janeiro,0.0,62.0,7.0,17896.809999999998,62.0,0
987,Customer 987,25,F,Curitiba,0.0,123.0,5.0,4731.610000000001,123.0,1
988,Customer 988,59,F,Curitiba,0.0,0.0,8.0,24259.510000000002,0.0,0
989,Customer 989,58,M,Rio de Janeiro,0.0,31.0,6.0,7945.320000000001,31.0,0
990,Customer 990,26,M,Curitiba,0.0,31.0,6.0,10021.14,31.0,0
991,Customer 991,63,F,São Paulo,0.0,92.0,5.0,17764.45,92.0,1
992,Customer 992,40,F,Belo Horizonte,0.0,92.0,3.0,8912.16,92.0,1
993,Customer 993,28,M,Curitiba,0.0,62.0,3.0,9262.39,62.0,0
994,Customer 994,37,M,Rio de Janeiro,0.0,92.0,5.0,6894.51,92.0,1
995,Customer 995,29,M,Rio de Janeiro,0.0,62.0,6.0,14620.970000000001,62.0,0
996,Customer 996,19,M,Rio de Janeiro,0.0,62.0,5.0,13654.970000000001,62.0,0
997,Customer 997,47,F,Curitiba,0.0,0.0,12.0,29073.84,0.0,0
998,Customer 998,35,F,Curitiba,0.0,62.0,5.0,20140.5,62.0,0
999,Customer 999,42,F,Curitiba,0.0,62.0,5.0,18060.879999999997,62.0,0
1000,Customer 1000,64,M,Curitiba,0.0,123.0,6.0,15343.64,123.0,1
